Model	Language	Command	Loss	Accuracy	AccuracyLabeled	Duration
REAL_REAL	Finnish	readDataDistEnglishGPUFreeParsingUnbiasedEntropy_Fixed_REAL_Fast_Broad_Config_Dev_Labeled_MLP_Batch_ContentOnly_Controlled_Morphology.py Finnish REAL_REAL 0.001 0.9 0.999 0.3 50 15 2 50 3 True 500 0.2 300 200 300	0.703127182591	0.863248308173	0.810827693909	8
REAL_REAL	Finnish	readDataDistEnglishGPUFreeParsingUnbiasedEntropy_Fixed_REAL_Fast_Broad_Config_Dev_Labeled_MLP_Batch_ContentOnly_Controlled_Morphology.py Finnish REAL_REAL 0.001 0.9 0.999 0.3 50 15 2 50 3 True 500 0.2 300 200 300	0.685931206203	0.862935970849	0.812441436752	9
REAL_REAL	Finnish	readDataDistEnglishGPUFreeParsingUnbiasedEntropy_Fixed_REAL_Fast_Broad_Config_Dev_Labeled_MLP_Batch_ContentOnly_Controlled_Morphology.py Finnish REAL_REAL 0.001 0.9 0.999 0.3 50 15 2 50 3 True 500 0.2 300 200 300	0.698364535785	0.862519521083	0.813638729828	9
REAL_REAL	Finnish	readDataDistEnglishGPUFreeParsingUnbiasedEntropy_Fixed_REAL_Fast_Broad_Config_Dev_Labeled_MLP_Batch_ContentOnly_Controlled_Morphology.py Finnish REAL_REAL 0.001 0.9 0.999 0.3 50 15 2 50 3 True 500 0.2 300 200 300	0.690745268459	0.860749609578	0.811920874545	8
RANDOM_MODEL	Finnish	readDataDistEnglishGPUFreeParsingUnbiasedEntropy_Fixed_REAL_Fast_Broad_Config_Dev_Labeled_MLP_Batch_ContentOnly_Controlled_Morphology_ForModel.py Finnish RANDOM_MODEL 0.001 0.9 0.999 0.3 50 15 2 50 3 True 500 0.2 300 200 300 NONE 533210 /afs/cs.stanford.edu/u/mhahn/scr/deps/memory-need-neural-morph//model-Finnish_yWithMorphologySequentialStreamDropoutDev_BaselineLanguage_Fast_SaveLast_NoFinePOS_Exponents.py_model_533210_RANDOM_MODEL.txt	0.746944957596	0.84128058303	0.798594482041	8
RANDOM_MODEL	Finnish	readDataDistEnglishGPUFreeParsingUnbiasedEntropy_Fixed_REAL_Fast_Broad_Config_Dev_Labeled_MLP_Batch_ContentOnly_Controlled_Morphology_ForModel.py Finnish RANDOM_MODEL 0.001 0.9 0.999 0.3 50 15 2 50 3 True 500 0.2 300 200 300 NONE 7677048 /afs/cs.stanford.edu/u/mhahn/scr/deps/memory-need-neural-morph//model-Finnish_yWithMorphologySequentialStreamDropoutDev_BaselineLanguage_Fast_SaveLast_NoFinePOS_Exponents.py_model_7677048_RANDOM_MODEL.txt	0.731570610883	0.832274856845	0.803956272775	9
RANDOM_MODEL	Finnish	readDataDistEnglishGPUFreeParsingUnbiasedEntropy_Fixed_REAL_Fast_Broad_Config_Dev_Labeled_MLP_Batch_ContentOnly_Controlled_Morphology_ForModel.py Finnish RANDOM_MODEL 0.001 0.9 0.999 0.3 50 15 2 50 3 True 500 0.2 300 200 300 NONE 9942743 /afs/cs.stanford.edu/u/mhahn/scr/deps/memory-need-neural-morph//model-Finnish_yWithMorphologySequentialStreamDropoutDev_BaselineLanguage_Fast_SaveLast_NoFinePOS_Exponents.py_model_9942743_RANDOM_MODEL.txt	0.747951181409	0.840707964602	0.796095783446	7
RANDOM_MODEL	Finnish	readDataDistEnglishGPUFreeParsingUnbiasedEntropy_Fixed_REAL_Fast_Broad_Config_Dev_Labeled_MLP_Batch_ContentOnly_Controlled_Morphology_ForModel.py Finnish RANDOM_MODEL 0.001 0.9 0.999 0.3 50 15 2 50 3 True 500 0.2 300 200 300 NONE 5141141 /afs/cs.stanford.edu/u/mhahn/scr/deps/memory-need-neural-morph//model-Finnish_yWithMorphologySequentialStreamDropoutDev_BaselineLanguage_Fast_SaveLast_NoFinePOS_Exponents.py_model_5141141_RANDOM_MODEL.txt	0.695937804903	0.84565330557	0.816762103071	9
RANDOM_MODEL	Finnish	readDataDistEnglishGPUFreeParsingUnbiasedEntropy_Fixed_REAL_Fast_Broad_Config_Dev_Labeled_MLP_Batch_ContentOnly_Controlled_Morphology_ForModel.py Finnish RANDOM_MODEL 0.001 0.9 0.999 0.3 50 15 2 50 3 True 500 0.2 300 200 300 NONE 3837134 /afs/cs.stanford.edu/u/mhahn/scr/deps/memory-need-neural-morph//model-Finnish_yWithMorphologySequentialStreamDropoutDev_BaselineLanguage_Fast_SaveLast_NoFinePOS_Exponents.py_model_3837134_RANDOM_MODEL.txt	0.747955529548	0.835190005206	0.797761582509	7
RANDOM_MODEL	Finnish	readDataDistEnglishGPUFreeParsingUnbiasedEntropy_Fixed_REAL_Fast_Broad_Config_Dev_Labeled_MLP_Batch_ContentOnly_Controlled_Morphology_ForModel.py Finnish RANDOM_MODEL 0.001 0.9 0.999 0.3 50 15 2 50 3 True 500 0.2 300 200 300 NONE 3837134 /afs/cs.stanford.edu/u/mhahn/scr/deps/memory-need-neural-morph//model-Finnish_yWithMorphologySequentialStreamDropoutDev_BaselineLanguage_Fast_SaveLast_NoFinePOS_Exponents.py_model_3837134_RANDOM_MODEL.txt	0.752379851087	0.838209266007	0.801405517959	9
RANDOM_MODEL	Finnish	readDataDistEnglishGPUFreeParsingUnbiasedEntropy_Fixed_REAL_Fast_Broad_Config_Dev_Labeled_MLP_Batch_ContentOnly_Controlled_Morphology_ForModel.py Finnish RANDOM_MODEL 0.001 0.9 0.999 0.3 50 15 2 50 3 True 500 0.2 300 200 300 NONE 7738450 /afs/cs.stanford.edu/u/mhahn/scr/deps/memory-need-neural-morph//model-Finnish_yWithMorphologySequentialStreamDropoutDev_BaselineLanguage_Fast_SaveLast_NoFinePOS_Exponents.py_model_7738450_RANDOM_MODEL.txt	0.735322061778	0.840447683498	0.800624674649	7
RANDOM_MODEL	Finnish	readDataDistEnglishGPUFreeParsingUnbiasedEntropy_Fixed_REAL_Fast_Broad_Config_Dev_Labeled_MLP_Batch_ContentOnly_Controlled_Morphology_ForModel.py Finnish RANDOM_MODEL 0.001 0.9 0.999 0.3 50 15 2 50 3 True 500 0.2 300 200 300 NONE 5989850 /afs/cs.stanford.edu/u/mhahn/scr/deps/memory-need-neural-morph//model-Finnish_yWithMorphologySequentialStreamDropoutDev_BaselineLanguage_Fast_SaveLast_NoFinePOS_Exponents.py_model_5989850_RANDOM_MODEL.txt	0.70849586681	0.847475273295	0.812805830297	9
RANDOM_MODEL	Finnish	readDataDistEnglishGPUFreeParsingUnbiasedEntropy_Fixed_REAL_Fast_Broad_Config_Dev_Labeled_MLP_Batch_ContentOnly_Controlled_Morphology_ForModel.py Finnish RANDOM_MODEL 0.001 0.9 0.999 0.3 50 15 2 50 3 True 500 0.2 300 200 300 NONE 9057969 /afs/cs.stanford.edu/u/mhahn/scr/deps/memory-need-neural-morph//model-Finnish_yWithMorphologySequentialStreamDropoutDev_BaselineLanguage_Fast_SaveLast_NoFinePOS_Exponents.py_model_9057969_RANDOM_MODEL.txt	0.715650223153	0.851535658511	0.81233732431	10
RANDOM_MODEL	Finnish	readDataDistEnglishGPUFreeParsingUnbiasedEntropy_Fixed_REAL_Fast_Broad_Config_Dev_Labeled_MLP_Batch_ContentOnly_Controlled_Morphology_ForModel.py Finnish RANDOM_MODEL 0.001 0.9 0.999 0.3 50 15 2 50 3 True 500 0.2 300 200 300 NONE 3237293 /afs/cs.stanford.edu/u/mhahn/scr/deps/memory-need-neural-morph//model-Finnish_yWithMorphologySequentialStreamDropoutDev_BaselineLanguage_Fast_SaveLast_NoFinePOS_Exponents.py_model_3237293_RANDOM_MODEL.txt	0.725587775313	0.84128058303	0.810671525247	10
RANDOM_MODEL	Finnish	readDataDistEnglishGPUFreeParsingUnbiasedEntropy_Fixed_REAL_Fast_Broad_Config_Dev_Labeled_MLP_Batch_ContentOnly_Controlled_Morphology_ForModel.py Finnish RANDOM_MODEL 0.001 0.9 0.999 0.3 50 15 2 50 3 True 500 0.2 300 200 300 NONE 533210 /afs/cs.stanford.edu/u/mhahn/scr/deps/memory-need-neural-morph//model-Finnish_yWithMorphologySequentialStreamDropoutDev_BaselineLanguage_Fast_SaveLast_NoFinePOS_Exponents.py_model_533210_RANDOM_MODEL.txt	0.751001625992	0.842790213431	0.801093180635	9
RANDOM_MODEL	Finnish	readDataDistEnglishGPUFreeParsingUnbiasedEntropy_Fixed_REAL_Fast_Broad_Config_Dev_Labeled_MLP_Batch_ContentOnly_Controlled_Morphology_ForModel.py Finnish RANDOM_MODEL 0.001 0.9 0.999 0.3 50 15 2 50 3 True 500 0.2 300 200 300 NONE 9942743 /afs/cs.stanford.edu/u/mhahn/scr/deps/memory-need-neural-morph//model-Finnish_yWithMorphologySequentialStreamDropoutDev_BaselineLanguage_Fast_SaveLast_NoFinePOS_Exponents.py_model_9942743_RANDOM_MODEL.txt	0.737861215533	0.844143675169	0.802498698594	10
RANDOM_MODEL	Finnish	readDataDistEnglishGPUFreeParsingUnbiasedEntropy_Fixed_REAL_Fast_Broad_Config_Dev_Labeled_MLP_Batch_ContentOnly_Controlled_Morphology_ForModel.py Finnish RANDOM_MODEL 0.001 0.9 0.999 0.3 50 15 2 50 3 True 500 0.2 300 200 300 NONE 9309086 /afs/cs.stanford.edu/u/mhahn/scr/deps/memory-need-neural-morph//model-Finnish_yWithMorphologySequentialStreamDropoutDev_BaselineLanguage_Fast_SaveLast_NoFinePOS_Exponents.py_model_9309086_RANDOM_MODEL.txt	0.746309998272	0.832483081728	0.798438313378	9
RANDOM_MODEL	Finnish	readDataDistEnglishGPUFreeParsingUnbiasedEntropy_Fixed_REAL_Fast_Broad_Config_Dev_Labeled_MLP_Batch_ContentOnly_Controlled_Morphology_ForModel.py Finnish RANDOM_MODEL 0.001 0.9 0.999 0.3 50 15 2 50 3 True 500 0.2 300 200 300 NONE 3237293 /afs/cs.stanford.edu/u/mhahn/scr/deps/memory-need-neural-morph//model-Finnish_yWithMorphologySequentialStreamDropoutDev_BaselineLanguage_Fast_SaveLast_NoFinePOS_Exponents.py_model_3237293_RANDOM_MODEL.txt	0.729459931483	0.838833940656	0.805674128058	9
RANDOM_MODEL	Finnish	readDataDistEnglishGPUFreeParsingUnbiasedEntropy_Fixed_REAL_Fast_Broad_Config_Dev_Labeled_MLP_Batch_ContentOnly_Controlled_Morphology_ForModel.py Finnish RANDOM_MODEL 0.001 0.9 0.999 0.3 50 15 2 50 3 True 500 0.2 300 200 300 NONE 5989850 /afs/cs.stanford.edu/u/mhahn/scr/deps/memory-need-neural-morph//model-Finnish_yWithMorphologySequentialStreamDropoutDev_BaselineLanguage_Fast_SaveLast_NoFinePOS_Exponents.py_model_5989850_RANDOM_MODEL.txt	0.714126764921	0.846277980219	0.810567412806	9
RANDOM_MODEL	Finnish	readDataDistEnglishGPUFreeParsingUnbiasedEntropy_Fixed_REAL_Fast_Broad_Config_Dev_Labeled_MLP_Batch_ContentOnly_Controlled_Morphology_ForModel.py Finnish RANDOM_MODEL 0.001 0.9 0.999 0.3 50 15 2 50 3 True 500 0.2 300 200 300 NONE 5141141 /afs/cs.stanford.edu/u/mhahn/scr/deps/memory-need-neural-morph//model-Finnish_yWithMorphologySequentialStreamDropoutDev_BaselineLanguage_Fast_SaveLast_NoFinePOS_Exponents.py_model_5141141_RANDOM_MODEL.txt	0.709084620713	0.839250390422	0.812597605414	8
RANDOM_MODEL	Finnish	readDataDistEnglishGPUFreeParsingUnbiasedEntropy_Fixed_REAL_Fast_Broad_Config_Dev_Labeled_MLP_Batch_ContentOnly_Controlled_Morphology_ForModel.py Finnish RANDOM_MODEL 0.001 0.9 0.999 0.3 50 15 2 50 3 True 500 0.2 300 200 300 NONE 8785918 /afs/cs.stanford.edu/u/mhahn/scr/deps/memory-need-neural-morph//model-Finnish_yWithMorphologySequentialStreamDropoutDev_BaselineLanguage_Fast_SaveLast_NoFinePOS_Exponents.py_model_8785918_RANDOM_MODEL.txt	0.739988958404	0.840760020822	0.807131702238	9
RANDOM_MODEL	Finnish	readDataDistEnglishGPUFreeParsingUnbiasedEntropy_Fixed_REAL_Fast_Broad_Config_Dev_Labeled_MLP_Batch_ContentOnly_Controlled_Morphology_ForModel.py Finnish RANDOM_MODEL 0.001 0.9 0.999 0.3 50 15 2 50 3 True 500 0.2 300 200 300 NONE 9810150 /afs/cs.stanford.edu/u/mhahn/scr/deps/memory-need-neural-morph//model-Finnish_yWithMorphologySequentialStreamDropoutDev_BaselineLanguage_Fast_SaveLast_NoFinePOS_Exponents.py_model_9810150_RANDOM_MODEL.txt	0.745225539942	0.836699635606	0.802706923477	8
RANDOM_MODEL	Finnish	readDataDistEnglishGPUFreeParsingUnbiasedEntropy_Fixed_REAL_Fast_Broad_Config_Dev_Labeled_MLP_Batch_ContentOnly_Controlled_Morphology_ForModel.py Finnish RANDOM_MODEL 0.001 0.9 0.999 0.3 50 15 2 50 3 True 500 0.2 300 200 300 NONE 9396565 /afs/cs.stanford.edu/u/mhahn/scr/deps/memory-need-neural-morph//model-Finnish_yWithMorphologySequentialStreamDropoutDev_BaselineLanguage_Fast_SaveLast_NoFinePOS_Exponents.py_model_9396565_RANDOM_MODEL.txt	0.760258710242	0.831077563769	0.795575221239	7
RANDOM_MODEL	Finnish	readDataDistEnglishGPUFreeParsingUnbiasedEntropy_Fixed_REAL_Fast_Broad_Config_Dev_Labeled_MLP_Batch_ContentOnly_Controlled_Morphology_ForModel.py Finnish RANDOM_MODEL 0.001 0.9 0.999 0.3 50 15 2 50 3 True 500 0.2 300 200 300 NONE 1730818 /afs/cs.stanford.edu/u/mhahn/scr/deps/memory-need-neural-morph//model-Finnish_yWithMorphologySequentialStreamDropoutDev_BaselineLanguage_Fast_SaveLast_NoFinePOS_Exponents.py_model_1730818_RANDOM_MODEL.txt	0.71824890767	0.84419573139	0.807548152004	8
RANDOM_MODEL	Finnish	readDataDistEnglishGPUFreeParsingUnbiasedEntropy_Fixed_REAL_Fast_Broad_Config_Dev_Labeled_MLP_Batch_ContentOnly_Controlled_Morphology_ForModel.py Finnish RANDOM_MODEL 0.001 0.9 0.999 0.3 50 15 2 50 3 True 500 0.2 300 200 300 NONE 9810150 /afs/cs.stanford.edu/u/mhahn/scr/deps/memory-need-neural-morph//model-Finnish_yWithMorphologySequentialStreamDropoutDev_BaselineLanguage_Fast_SaveLast_NoFinePOS_Exponents.py_model_9810150_RANDOM_MODEL.txt	0.743755219012	0.839927121291	0.805361790734	8
RANDOM_MODEL	Finnish	readDataDistEnglishGPUFreeParsingUnbiasedEntropy_Fixed_REAL_Fast_Broad_Config_Dev_Labeled_MLP_Batch_ContentOnly_Controlled_Morphology_ForModel.py Finnish RANDOM_MODEL 0.001 0.9 0.999 0.3 50 15 2 50 3 True 500 0.2 300 200 300 NONE 9309086 /afs/cs.stanford.edu/u/mhahn/scr/deps/memory-need-neural-morph//model-Finnish_yWithMorphologySequentialStreamDropoutDev_BaselineLanguage_Fast_SaveLast_NoFinePOS_Exponents.py_model_9309086_RANDOM_MODEL.txt	0.76819247549	0.830713170224	0.794482040604	9
RANDOM_MODEL	Finnish	readDataDistEnglishGPUFreeParsingUnbiasedEntropy_Fixed_REAL_Fast_Broad_Config_Dev_Labeled_MLP_Batch_ContentOnly_Controlled_Morphology_ForModel.py Finnish RANDOM_MODEL 0.001 0.9 0.999 0.3 50 15 2 50 3 True 500 0.2 300 200 300 NONE 8006853 /afs/cs.stanford.edu/u/mhahn/scr/deps/memory-need-neural-morph//model-Finnish_yWithMorphologySequentialStreamDropoutDev_BaselineLanguage_Fast_SaveLast_NoFinePOS_Exponents.py_model_8006853_RANDOM_MODEL.txt	0.740968715518	0.840968245705	0.799479437793	9
RANDOM_MODEL	Finnish	readDataDistEnglishGPUFreeParsingUnbiasedEntropy_Fixed_REAL_Fast_Broad_Config_Dev_Labeled_MLP_Batch_ContentOnly_Controlled_Morphology_ForModel.py Finnish RANDOM_MODEL 0.001 0.9 0.999 0.3 50 15 2 50 3 True 500 0.2 300 200 300 NONE 3883618 /afs/cs.stanford.edu/u/mhahn/scr/deps/memory-need-neural-morph//model-Finnish_yWithMorphologySequentialStreamDropoutDev_BaselineLanguage_Fast_SaveLast_NoFinePOS_Exponents.py_model_3883618_RANDOM_MODEL.txt	0.780256978346	0.826444560125	0.792451847996	6
RANDOM_MODEL	Finnish	readDataDistEnglishGPUFreeParsingUnbiasedEntropy_Fixed_REAL_Fast_Broad_Config_Dev_Labeled_MLP_Batch_ContentOnly_Controlled_Morphology_ForModel.py Finnish RANDOM_MODEL 0.001 0.9 0.999 0.3 50 15 2 50 3 True 500 0.2 300 200 300 NONE 9057969 /afs/cs.stanford.edu/u/mhahn/scr/deps/memory-need-neural-morph//model-Finnish_yWithMorphologySequentialStreamDropoutDev_BaselineLanguage_Fast_SaveLast_NoFinePOS_Exponents.py_model_9057969_RANDOM_MODEL.txt	0.734231760026	0.851015096304	0.810307131702	9
RANDOM_BY_TYPE	Finnish	readDataDistEnglishGPUFreeParsingUnbiasedEntropy_Fixed_REAL_Fast_Broad_Config_Dev_Labeled_MLP_Batch_ContentOnly_Controlled_Morphology_ForModel.py Finnish RANDOM_BY_TYPE 0.001 0.9 0.999 0.3 50 15 2 50 3 True 500 0.2 300 200 300 NONE 7195849 /afs/cs.stanford.edu/u/mhahn/scr/deps/memory-need-neural-morph//model-Finnish_yWithMorphologySequentialStreamDropoutDev_BaselineLanguage_Fast_SaveLast_NoFinePOS.py_model_7195849_RANDOM_BY_TYPE.txt	0.663312764595	0.854815200416	0.817230609058	9
RANDOM_BY_TYPE	Finnish	readDataDistEnglishGPUFreeParsingUnbiasedEntropy_Fixed_REAL_Fast_Broad_Config_Dev_Labeled_MLP_Batch_ContentOnly_Controlled_Morphology_ForModel.py Finnish RANDOM_BY_TYPE 0.001 0.9 0.999 0.3 50 15 2 50 3 True 500 0.2 300 200 300 NONE 8620376 /afs/cs.stanford.edu/u/mhahn/scr/deps/memory-need-neural-morph//model-Finnish_yWithMorphologySequentialStreamDropoutDev_BaselineLanguage_Fast_SaveLast_NoFinePOS.py_model_8620376_RANDOM_BY_TYPE.txt	0.599630115229	0.866527850078	0.836074960958	9
RANDOM_BY_TYPE	Finnish	readDataDistEnglishGPUFreeParsingUnbiasedEntropy_Fixed_REAL_Fast_Broad_Config_Dev_Labeled_MLP_Batch_ContentOnly_Controlled_Morphology_ForModel.py Finnish RANDOM_BY_TYPE 0.001 0.9 0.999 0.3 50 15 2 50 3 True 500 0.2 300 200 300 NONE 8008717 /afs/cs.stanford.edu/u/mhahn/scr/deps/memory-need-neural-morph//model-Finnish_yWithMorphologySequentialStreamDropoutDev_BaselineLanguage_Fast_SaveLast_NoFinePOS.py_model_8008717_RANDOM_BY_TYPE.txt	0.636873859164	0.867048412285	0.826756897449	9
RANDOM_BY_TYPE	Finnish	readDataDistEnglishGPUFreeParsingUnbiasedEntropy_Fixed_REAL_Fast_Broad_Config_Dev_Labeled_MLP_Batch_ContentOnly_Controlled_Morphology_ForModel.py Finnish RANDOM_BY_TYPE 0.001 0.9 0.999 0.3 50 15 2 50 3 True 500 0.2 300 200 300 NONE 1175886 /afs/cs.stanford.edu/u/mhahn/scr/deps/memory-need-neural-morph//model-Finnish_yWithMorphologySequentialStreamDropoutDev_BaselineLanguage_Fast_SaveLast_NoFinePOS.py_model_1175886_RANDOM_BY_TYPE.txt	0.621133183412	0.874596564289	0.835346173868	8
RANDOM_BY_TYPE	Finnish	readDataDistEnglishGPUFreeParsingUnbiasedEntropy_Fixed_REAL_Fast_Broad_Config_Dev_Labeled_MLP_Batch_ContentOnly_Controlled_Morphology_ForModel.py Finnish RANDOM_BY_TYPE 0.001 0.9 0.999 0.3 50 15 2 50 3 True 500 0.2 300 200 300 NONE 290276 /afs/cs.stanford.edu/u/mhahn/scr/deps/memory-need-neural-morph//model-Finnish_yWithMorphologySequentialStreamDropoutDev_BaselineLanguage_Fast_SaveLast_NoFinePOS.py_model_290276_RANDOM_BY_TYPE.txt	0.652387947939	0.856949505466	0.815408641333	8
RANDOM_BY_TYPE	Finnish	readDataDistEnglishGPUFreeParsingUnbiasedEntropy_Fixed_REAL_Fast_Broad_Config_Dev_Labeled_MLP_Batch_ContentOnly_Controlled_Morphology_ForModel.py Finnish RANDOM_BY_TYPE 0.001 0.9 0.999 0.3 50 15 2 50 3 True 500 0.2 300 200 300 NONE 6100814 /afs/cs.stanford.edu/u/mhahn/scr/deps/memory-need-neural-morph//model-Finnish_yWithMorphologySequentialStreamDropoutDev_BaselineLanguage_Fast_SaveLast_NoFinePOS.py_model_6100814_RANDOM_BY_TYPE.txt	0.657649102657	0.856689224362	0.819260801666	10
RANDOM_BY_TYPE	Finnish	readDataDistEnglishGPUFreeParsingUnbiasedEntropy_Fixed_REAL_Fast_Broad_Config_Dev_Labeled_MLP_Batch_ContentOnly_Controlled_Morphology_ForModel.py Finnish RANDOM_BY_TYPE 0.001 0.9 0.999 0.3 50 15 2 50 3 True 500 0.2 300 200 300 NONE 9813008 /afs/cs.stanford.edu/u/mhahn/scr/deps/memory-need-neural-morph//model-Finnish_yWithMorphologySequentialStreamDropoutDev_BaselineLanguage_Fast_SaveLast_NoFinePOS_Exponents.py_model_9813008_RANDOM_BY_TYPE.txt	0.608458824858	0.861478396668	0.827485684539	8
RANDOM_BY_TYPE	Finnish	readDataDistEnglishGPUFreeParsingUnbiasedEntropy_Fixed_REAL_Fast_Broad_Config_Dev_Labeled_MLP_Batch_ContentOnly_Controlled_Morphology_ForModel.py Finnish RANDOM_BY_TYPE 0.001 0.9 0.999 0.3 50 15 2 50 3 True 500 0.2 300 200 300 NONE 9608611 /afs/cs.stanford.edu/u/mhahn/scr/deps/memory-need-neural-morph//model-Finnish_yWithMorphologySequentialStreamDropoutDev_BaselineLanguage_Fast_SaveLast_NoFinePOS.py_model_9608611_RANDOM_BY_TYPE.txt	0.542245177294	0.888339406559	0.852264445601	8
RANDOM_BY_TYPE	Finnish	readDataDistEnglishGPUFreeParsingUnbiasedEntropy_Fixed_REAL_Fast_Broad_Config_Dev_Labeled_MLP_Batch_ContentOnly_Controlled_Morphology_ForModel.py Finnish RANDOM_BY_TYPE 0.001 0.9 0.999 0.3 50 15 2 50 3 True 500 0.2 300 200 300 NONE 4861595 /afs/cs.stanford.edu/u/mhahn/scr/deps/memory-need-neural-morph//model-Finnish_yWithMorphologySequentialStreamDropoutDev_BaselineLanguage_Fast_SaveLast_NoFinePOS.py_model_4861595_RANDOM_BY_TYPE.txt	0.610243990017	0.85799062988	0.830765226445	8
RANDOM_BY_TYPE	Finnish	readDataDistEnglishGPUFreeParsingUnbiasedEntropy_Fixed_REAL_Fast_Broad_Config_Dev_Labeled_MLP_Batch_ContentOnly_Controlled_Morphology_ForModel.py Finnish RANDOM_BY_TYPE 0.001 0.9 0.999 0.3 50 15 2 50 3 True 500 0.2 300 200 300 NONE 5118747 /afs/cs.stanford.edu/u/mhahn/scr/deps/memory-need-neural-morph//model-Finnish_yWithMorphologySequentialStreamDropoutDev_BaselineLanguage_Fast_SaveLast_NoFinePOS.py_model_5118747_RANDOM_BY_TYPE.txt	0.66059487077	0.853357626236	0.816918271733	8
RANDOM_BY_TYPE	Finnish	readDataDistEnglishGPUFreeParsingUnbiasedEntropy_Fixed_REAL_Fast_Broad_Config_Dev_Labeled_MLP_Batch_ContentOnly_Controlled_Morphology_ForModel.py Finnish RANDOM_BY_TYPE 0.001 0.9 0.999 0.3 50 15 2 50 3 True 500 0.2 300 200 300 NONE 7590429 /afs/cs.stanford.edu/u/mhahn/scr/deps/memory-need-neural-morph//model-Finnish_yWithMorphologySequentialStreamDropoutDev_BaselineLanguage_Fast_SaveLast_NoFinePOS.py_model_7590429_RANDOM_BY_TYPE.txt	0.647469429552	0.857522123894	0.824414367517	9
RANDOM_BY_TYPE	Finnish	readDataDistEnglishGPUFreeParsingUnbiasedEntropy_Fixed_REAL_Fast_Broad_Config_Dev_Labeled_MLP_Batch_ContentOnly_Controlled_Morphology_ForModel.py Finnish RANDOM_BY_TYPE 0.001 0.9 0.999 0.3 50 15 2 50 3 True 500 0.2 300 200 300 NONE 9857850 /afs/cs.stanford.edu/u/mhahn/scr/deps/memory-need-neural-morph//model-Finnish_yWithMorphologySequentialStreamDropoutDev_BaselineLanguage_Fast_SaveLast_NoFinePOS.py_model_9857850_RANDOM_BY_TYPE.txt	0.645198064096	0.863925039042	0.818636127017	8
RANDOM_BY_TYPE	Finnish	readDataDistEnglishGPUFreeParsingUnbiasedEntropy_Fixed_REAL_Fast_Broad_Config_Dev_Labeled_MLP_Batch_ContentOnly_Controlled_Morphology_ForModel.py Finnish RANDOM_BY_TYPE 0.001 0.9 0.999 0.3 50 15 2 50 3 True 500 0.2 300 200 300 NONE 1036923 /afs/cs.stanford.edu/u/mhahn/scr/deps/memory-need-neural-morph//model-Finnish_yWithMorphologySequentialStreamDropoutDev_BaselineLanguage_Fast_SaveLast_NoFinePOS.py_model_1036923_RANDOM_BY_TYPE.txt	0.636096204668	0.860229047371	0.82243623113	6
RANDOM_BY_TYPE	Finnish	readDataDistEnglishGPUFreeParsingUnbiasedEntropy_Fixed_REAL_Fast_Broad_Config_Dev_Labeled_MLP_Batch_ContentOnly_Controlled_Morphology_ForModel.py Finnish RANDOM_BY_TYPE 0.001 0.9 0.999 0.3 50 15 2 50 3 True 500 0.2 300 200 300 NONE 2498332 /afs/cs.stanford.edu/u/mhahn/scr/deps/memory-need-neural-morph//model-Finnish_yWithMorphologySequentialStreamDropoutDev_BaselineLanguage_Fast_SaveLast_NoFinePOS.py_model_2498332_RANDOM_BY_TYPE.txt	0.611644896894	0.86887038001	0.837376366476	8
RANDOM_BY_TYPE	Finnish	readDataDistEnglishGPUFreeParsingUnbiasedEntropy_Fixed_REAL_Fast_Broad_Config_Dev_Labeled_MLP_Batch_ContentOnly_Controlled_Morphology_ForModel.py Finnish RANDOM_BY_TYPE 0.001 0.9 0.999 0.3 50 15 2 50 3 True 500 0.2 300 200 300 NONE 3858747 /afs/cs.stanford.edu/u/mhahn/scr/deps/memory-need-neural-morph//model-Finnish_yWithMorphologySequentialStreamDropoutDev_BaselineLanguage_Fast_SaveLast_NoFinePOS.py_model_3858747_RANDOM_BY_TYPE.txt	0.651944384603	0.861322228006	0.823633524206	9
RANDOM_BY_TYPE	Finnish	readDataDistEnglishGPUFreeParsingUnbiasedEntropy_Fixed_REAL_Fast_Broad_Config_Dev_Labeled_MLP_Batch_ContentOnly_Controlled_Morphology_ForModel.py Finnish RANDOM_BY_TYPE 0.001 0.9 0.999 0.3 50 15 2 50 3 True 500 0.2 300 200 300 NONE 2964631 /afs/cs.stanford.edu/u/mhahn/scr/deps/memory-need-neural-morph//model-Finnish_yWithMorphologySequentialStreamDropoutDev_BaselineLanguage_Fast_SaveLast_NoFinePOS.py_model_2964631_RANDOM_BY_TYPE.txt	0.639548529929	0.866788131182	0.830557001562	8
RANDOM_BY_TYPE	Finnish	readDataDistEnglishGPUFreeParsingUnbiasedEntropy_Fixed_REAL_Fast_Broad_Config_Dev_Labeled_MLP_Batch_ContentOnly_Controlled_Morphology_ForModel.py Finnish RANDOM_BY_TYPE 0.001 0.9 0.999 0.3 50 15 2 50 3 True 500 0.2 300 200 300 NONE 7678432 /afs/cs.stanford.edu/u/mhahn/scr/deps/memory-need-neural-morph//model-Finnish_yWithMorphologySequentialStreamDropoutDev_BaselineLanguage_Fast_SaveLast_NoFinePOS.py_model_7678432_RANDOM_BY_TYPE.txt	0.57488394899	0.884591358667	0.83987506507	9
RANDOM_BY_TYPE	Finnish	readDataDistEnglishGPUFreeParsingUnbiasedEntropy_Fixed_REAL_Fast_Broad_Config_Dev_Labeled_MLP_Batch_ContentOnly_Controlled_Morphology_ForModel.py Finnish RANDOM_BY_TYPE 0.001 0.9 0.999 0.3 50 15 2 50 3 True 500 0.2 300 200 300 NONE 3890998 /afs/cs.stanford.edu/u/mhahn/scr/deps/memory-need-neural-morph//model-Finnish_yWithMorphologySequentialStreamDropoutDev_BaselineLanguage_Fast_SaveLast_NoFinePOS.py_model_3890998_RANDOM_BY_TYPE.txt	0.667811695044	0.847631441957	0.817022384175	7
RANDOM_BY_TYPE	Finnish	readDataDistEnglishGPUFreeParsingUnbiasedEntropy_Fixed_REAL_Fast_Broad_Config_Dev_Labeled_MLP_Batch_ContentOnly_Controlled_Morphology_ForModel.py Finnish RANDOM_BY_TYPE 0.001 0.9 0.999 0.3 50 15 2 50 3 True 500 0.2 300 200 300 NONE 9784472 /afs/cs.stanford.edu/u/mhahn/scr/deps/memory-need-neural-morph//model-Finnish_yWithMorphologySequentialStreamDropoutDev_BaselineLanguage_Fast_SaveLast_NoFinePOS.py_model_9784472_RANDOM_BY_TYPE.txt	0.640778826972	0.872670484123	0.829151483602	8
RANDOM_BY_TYPE	Finnish	readDataDistEnglishGPUFreeParsingUnbiasedEntropy_Fixed_REAL_Fast_Broad_Config_Dev_Labeled_MLP_Batch_ContentOnly_Controlled_Morphology_ForModel.py Finnish RANDOM_BY_TYPE 0.001 0.9 0.999 0.3 50 15 2 50 3 True 500 0.2 300 200 300 NONE 9813008 /afs/cs.stanford.edu/u/mhahn/scr/deps/memory-need-neural-morph//model-Finnish_yWithMorphologySequentialStreamDropoutDev_BaselineLanguage_Fast_SaveLast_NoFinePOS_Exponents.py_model_9813008_RANDOM_BY_TYPE.txt	0.617797795348	0.861738677772	0.828474752733	8
RANDOM_BY_TYPE	Finnish	readDataDistEnglishGPUFreeParsingUnbiasedEntropy_Fixed_REAL_Fast_Broad_Config_Dev_Labeled_MLP_Batch_ContentOnly_Controlled_Morphology_ForModel.py Finnish RANDOM_BY_TYPE 0.001 0.9 0.999 0.3 50 15 2 50 3 True 500 0.2 300 200 300 NONE 6635629 /afs/cs.stanford.edu/u/mhahn/scr/deps/memory-need-neural-morph//model-Finnish_yWithMorphologySequentialStreamDropoutDev_BaselineLanguage_Fast_SaveLast_NoFinePOS.py_model_6635629_RANDOM_BY_TYPE.txt	0.613876072011	0.867933368037	0.830713170224	8
RANDOM_BY_TYPE	Finnish	readDataDistEnglishGPUFreeParsingUnbiasedEntropy_Fixed_REAL_Fast_Broad_Config_Dev_Labeled_MLP_Batch_ContentOnly_Controlled_Morphology_ForModel.py Finnish RANDOM_BY_TYPE 0.001 0.9 0.999 0.3 50 15 2 50 3 True 500 0.2 300 200 300 NONE 1187799 /afs/cs.stanford.edu/u/mhahn/scr/deps/memory-need-neural-morph//model-Finnish_yWithMorphologySequentialStreamDropoutDev_BaselineLanguage_Fast_SaveLast_NoFinePOS.py_model_1187799_RANDOM_BY_TYPE.txt	0.595879966343	0.876678813118	0.831494013535	8
RANDOM_BY_TYPE	Finnish	readDataDistEnglishGPUFreeParsingUnbiasedEntropy_Fixed_REAL_Fast_Broad_Config_Dev_Labeled_MLP_Batch_ContentOnly_Controlled_Morphology_ForModel.py Finnish RANDOM_BY_TYPE 0.001 0.9 0.999 0.3 50 15 2 50 3 True 500 0.2 300 200 300 NONE 6552626 /afs/cs.stanford.edu/u/mhahn/scr/deps/memory-need-neural-morph//model-Finnish_yWithMorphologySequentialStreamDropoutDev_BaselineLanguage_Fast_SaveLast_NoFinePOS.py_model_6552626_RANDOM_BY_TYPE.txt	0.668119287665	0.85143154607	0.810307131702	7
RANDOM_BY_TYPE	Finnish	readDataDistEnglishGPUFreeParsingUnbiasedEntropy_Fixed_REAL_Fast_Broad_Config_Dev_Labeled_MLP_Batch_ContentOnly_Controlled_Morphology_ForModel.py Finnish RANDOM_BY_TYPE 0.001 0.9 0.999 0.3 50 15 2 50 3 True 500 0.2 300 200 300 NONE 1187799 /afs/cs.stanford.edu/u/mhahn/scr/deps/memory-need-neural-morph//model-Finnish_yWithMorphologySequentialStreamDropoutDev_BaselineLanguage_Fast_SaveLast_NoFinePOS.py_model_1187799_RANDOM_BY_TYPE.txt	0.596892697764	0.878500780843	0.833680374805	9
RANDOM_BY_TYPE	Finnish	readDataDistEnglishGPUFreeParsingUnbiasedEntropy_Fixed_REAL_Fast_Broad_Config_Dev_Labeled_MLP_Batch_ContentOnly_Controlled_Morphology_ForModel.py Finnish RANDOM_BY_TYPE 0.001 0.9 0.999 0.3 50 15 2 50 3 True 500 0.2 300 200 300 NONE 3890998 /afs/cs.stanford.edu/u/mhahn/scr/deps/memory-need-neural-morph//model-Finnish_yWithMorphologySequentialStreamDropoutDev_BaselineLanguage_Fast_SaveLast_NoFinePOS.py_model_3890998_RANDOM_BY_TYPE.txt	0.673401326344	0.851067152525	0.821655387819	8
RANDOM_BY_TYPE	Finnish	readDataDistEnglishGPUFreeParsingUnbiasedEntropy_Fixed_REAL_Fast_Broad_Config_Dev_Labeled_MLP_Batch_ContentOnly_Controlled_Morphology_ForModel.py Finnish RANDOM_BY_TYPE 0.001 0.9 0.999 0.3 50 15 2 50 3 True 500 0.2 300 200 300 NONE 6562649 /afs/cs.stanford.edu/u/mhahn/scr/deps/memory-need-neural-morph//model-Finnish_yWithMorphologySequentialStreamDropoutDev_BaselineLanguage_Fast_SaveLast_NoFinePOS.py_model_6562649_RANDOM_BY_TYPE.txt	0.699822928098	0.847787610619	0.807756376887	7
RANDOM_BY_TYPE	Finnish	readDataDistEnglishGPUFreeParsingUnbiasedEntropy_Fixed_REAL_Fast_Broad_Config_Dev_Labeled_MLP_Batch_ContentOnly_Controlled_Morphology_ForModel.py Finnish RANDOM_BY_TYPE 0.001 0.9 0.999 0.3 50 15 2 50 3 True 500 0.2 300 200 300 NONE 8620376 /afs/cs.stanford.edu/u/mhahn/scr/deps/memory-need-neural-morph//model-Finnish_yWithMorphologySequentialStreamDropoutDev_BaselineLanguage_Fast_SaveLast_NoFinePOS.py_model_8620376_RANDOM_BY_TYPE.txt	0.605139847312	0.869442998438	0.840655908381	10
RANDOM_BY_TYPE	Finnish	readDataDistEnglishGPUFreeParsingUnbiasedEntropy_Fixed_REAL_Fast_Broad_Config_Dev_Labeled_MLP_Batch_ContentOnly_Controlled_Morphology_ForModel.py Finnish RANDOM_BY_TYPE 0.001 0.9 0.999 0.3 50 15 2 50 3 True 500 0.2 300 200 300 NONE 3334830 /afs/cs.stanford.edu/u/mhahn/scr/deps/memory-need-neural-morph//model-Finnish_yWithMorphologySequentialStreamDropoutDev_BaselineLanguage_Fast_SaveLast_NoFinePOS.py_model_3334830_RANDOM_BY_TYPE.txt	0.646594183076	0.863144195731	0.818532014576	8
RANDOM_BY_TYPE	Finnish	readDataDistEnglishGPUFreeParsingUnbiasedEntropy_Fixed_REAL_Fast_Broad_Config_Dev_Labeled_MLP_Batch_ContentOnly_Controlled_Morphology.py Finnish RANDOM_BY_TYPE 0.001 0.9 0.999 0.3 50 15 2 50 3 True 500 0.2 300 200 300 864742788	0.592933234261	0.875585632483	0.838990109318	7
RANDOM_BY_TYPE	Finnish	readDataDistEnglishGPUFreeParsingUnbiasedEntropy_Fixed_REAL_Fast_Broad_Config_Dev_Labeled_MLP_Batch_ContentOnly_Controlled_Morphology_ForModel.py Finnish RANDOM_BY_TYPE 0.001 0.9 0.999 0.3 50 15 2 50 3 True 500 0.2 300 200 300 NONE 2446360 /afs/cs.stanford.edu/u/mhahn/scr/deps/memory-need-neural-morph//model-Finnish_yWithMorphologySequentialStreamDropoutDev_BaselineLanguage_Fast_SaveLast_NoFinePOS_Exponents.py_model_2446360_RANDOM_BY_TYPE.txt	0.612281795146	0.862779802186	0.827017178553	7
RANDOM_BY_TYPE	Finnish	readDataDistEnglishGPUFreeParsingUnbiasedEntropy_Fixed_REAL_Fast_Broad_Config_Dev_Labeled_MLP_Batch_ContentOnly_Controlled_Morphology_ForModel.py Finnish RANDOM_BY_TYPE 0.001 0.9 0.999 0.3 50 15 2 50 3 True 500 0.2 300 200 300 NONE 8729887 /afs/cs.stanford.edu/u/mhahn/scr/deps/memory-need-neural-morph//model-Finnish_yWithMorphologySequentialStreamDropoutDev_BaselineLanguage_Fast_SaveLast_NoFinePOS_Exponents.py_model_8729887_RANDOM_BY_TYPE.txt	0.647431545353	0.857678292556	0.82394586153	8
RANDOM_BY_TYPE	Finnish	readDataDistEnglishGPUFreeParsingUnbiasedEntropy_Fixed_REAL_Fast_Broad_Config_Dev_Labeled_MLP_Batch_ContentOnly_Controlled_Morphology_ForModel.py Finnish RANDOM_BY_TYPE 0.001 0.9 0.999 0.3 50 15 2 50 3 True 500 0.2 300 200 300 NONE 3636139 /afs/cs.stanford.edu/u/mhahn/scr/deps/memory-need-neural-morph//model-Finnish_yWithMorphologySequentialStreamDropoutDev_BaselineLanguage_Fast_SaveLast_NoFinePOS.py_model_3636139_RANDOM_BY_TYPE.txt	0.674064054618	0.849713690786	0.811348256117	7
RANDOM_BY_TYPE	Finnish	readDataDistEnglishGPUFreeParsingUnbiasedEntropy_Fixed_REAL_Fast_Broad_Config_Dev_Labeled_MLP_Batch_ContentOnly_Controlled_Morphology_ForModel.py Finnish RANDOM_BY_TYPE 0.001 0.9 0.999 0.3 50 15 2 50 3 True 500 0.2 300 200 300 NONE 5862461 /afs/cs.stanford.edu/u/mhahn/scr/deps/memory-need-neural-morph//model-Finnish_yWithMorphologySequentialStreamDropoutDev_BaselineLanguage_Fast_SaveLast_NoFinePOS.py_model_5862461_RANDOM_BY_TYPE.txt	0.609805444409	0.867568974492	0.830557001562	8
RANDOM_BY_TYPE	Finnish	readDataDistEnglishGPUFreeParsingUnbiasedEntropy_Fixed_REAL_Fast_Broad_Config_Dev_Labeled_MLP_Batch_ContentOnly_Controlled_Morphology_ForModel.py Finnish RANDOM_BY_TYPE 0.001 0.9 0.999 0.3 50 15 2 50 3 True 500 0.2 300 200 300 NONE 7646867 /afs/cs.stanford.edu/u/mhahn/scr/deps/memory-need-neural-morph//model-Finnish_yWithMorphologySequentialStreamDropoutDev_BaselineLanguage_Fast_SaveLast_NoFinePOS_Exponents.py_model_7646867_RANDOM_BY_TYPE.txt	0.598231796583	0.878709005726	0.835085892764	7
RANDOM_BY_TYPE	Finnish	readDataDistEnglishGPUFreeParsingUnbiasedEntropy_Fixed_REAL_Fast_Broad_Config_Dev_Labeled_MLP_Batch_ContentOnly_Controlled_Morphology_ForModel.py Finnish RANDOM_BY_TYPE 0.001 0.9 0.999 0.3 50 15 2 50 3 True 500 0.2 300 200 300 NONE 2860553 /afs/cs.stanford.edu/u/mhahn/scr/deps/memory-need-neural-morph//model-Finnish_yWithMorphologySequentialStreamDropoutDev_BaselineLanguage_Fast_SaveLast_NoFinePOS.py_model_2860553_RANDOM_BY_TYPE.txt	0.612238139946	0.870640291515	0.831754294638	10
RANDOM_BY_TYPE	Finnish	readDataDistEnglishGPUFreeParsingUnbiasedEntropy_Fixed_REAL_Fast_Broad_Config_Dev_Labeled_MLP_Batch_ContentOnly_Controlled_Morphology_ForModel.py Finnish RANDOM_BY_TYPE 0.001 0.9 0.999 0.3 50 15 2 50 3 True 500 0.2 300 200 300 NONE 6083391 /afs/cs.stanford.edu/u/mhahn/scr/deps/memory-need-neural-morph//model-Finnish_yWithMorphologySequentialStreamDropoutDev_BaselineLanguage_Fast_SaveLast_NoFinePOS.py_model_6083391_RANDOM_BY_TYPE.txt	0.69883777758	0.839302446642	0.803331598126	8
RANDOM_BY_TYPE	Finnish	readDataDistEnglishGPUFreeParsingUnbiasedEntropy_Fixed_REAL_Fast_Broad_Config_Dev_Labeled_MLP_Batch_ContentOnly_Controlled_Morphology_ForModel.py Finnish RANDOM_BY_TYPE 0.001 0.9 0.999 0.3 50 15 2 50 3 True 500 0.2 300 200 300 NONE 7590429 /afs/cs.stanford.edu/u/mhahn/scr/deps/memory-need-neural-morph//model-Finnish_yWithMorphologySequentialStreamDropoutDev_BaselineLanguage_Fast_SaveLast_NoFinePOS.py_model_7590429_RANDOM_BY_TYPE.txt	0.650089271599	0.857886517439	0.821343050495	9
RANDOM_BY_TYPE	Finnish	readDataDistEnglishGPUFreeParsingUnbiasedEntropy_Fixed_REAL_Fast_Broad_Config_Dev_Labeled_MLP_Batch_ContentOnly_Controlled_Morphology_ForModel.py Finnish RANDOM_BY_TYPE 0.001 0.9 0.999 0.3 50 15 2 50 3 True 500 0.2 300 200 300 NONE 290276 /afs/cs.stanford.edu/u/mhahn/scr/deps/memory-need-neural-morph//model-Finnish_yWithMorphologySequentialStreamDropoutDev_BaselineLanguage_Fast_SaveLast_NoFinePOS.py_model_290276_RANDOM_BY_TYPE.txt	0.651537636579	0.859552316502	0.816449765747	8
RANDOM_BY_TYPE	Finnish	readDataDistEnglishGPUFreeParsingUnbiasedEntropy_Fixed_REAL_Fast_Broad_Config_Dev_Labeled_MLP_Batch_ContentOnly_Controlled_Morphology_ForModel.py Finnish RANDOM_BY_TYPE 0.001 0.9 0.999 0.3 50 15 2 50 3 True 500 0.2 300 200 300 NONE 5440556 /afs/cs.stanford.edu/u/mhahn/scr/deps/memory-need-neural-morph//model-Finnish_yWithMorphologySequentialStreamDropoutDev_BaselineLanguage_Fast_SaveLast_NoFinePOS.py_model_5440556_RANDOM_BY_TYPE.txt	0.64773480621	0.853201457574	0.819833420094	9
RANDOM_BY_TYPE	Finnish	readDataDistEnglishGPUFreeParsingUnbiasedEntropy_Fixed_REAL_Fast_Broad_Config_Dev_Labeled_MLP_Batch_ContentOnly_Controlled_Morphology_ForModel.py Finnish RANDOM_BY_TYPE 0.001 0.9 0.999 0.3 50 15 2 50 3 True 500 0.2 300 200 300 NONE 1267787 /afs/cs.stanford.edu/u/mhahn/scr/deps/memory-need-neural-morph//model-Finnish_yWithMorphologySequentialStreamDropoutDev_BaselineLanguage_Fast_SaveLast_NoFinePOS_Exponents.py_model_1267787_RANDOM_BY_TYPE.txt	0.633464577035	0.862415408641	0.823529411765	9
RANDOM_BY_TYPE	Finnish	readDataDistEnglishGPUFreeParsingUnbiasedEntropy_Fixed_REAL_Fast_Broad_Config_Dev_Labeled_MLP_Batch_ContentOnly_Controlled_Morphology_ForModel.py Finnish RANDOM_BY_TYPE 0.001 0.9 0.999 0.3 50 15 2 50 3 True 500 0.2 300 200 300 NONE 4721550 /afs/cs.stanford.edu/u/mhahn/scr/deps/memory-need-neural-morph//model-Finnish_yWithMorphologySequentialStreamDropoutDev_BaselineLanguage_Fast_SaveLast_NoFinePOS.py_model_4721550_RANDOM_BY_TYPE.txt	0.646864856732	0.871525247267	0.823997917751	7
RANDOM_BY_TYPE	Finnish	readDataDistEnglishGPUFreeParsingUnbiasedEntropy_Fixed_REAL_Fast_Broad_Config_Dev_Labeled_MLP_Batch_ContentOnly_Controlled_Morphology_ForModel.py Finnish RANDOM_BY_TYPE 0.001 0.9 0.999 0.3 50 15 2 50 3 True 500 0.2 300 200 300 NONE 1908024 /afs/cs.stanford.edu/u/mhahn/scr/deps/memory-need-neural-morph//model-Finnish_yWithMorphologySequentialStreamDropoutDev_BaselineLanguage_Fast_SaveLast_NoFinePOS.py_model_1908024_RANDOM_BY_TYPE.txt	0.63470702032	0.859500260281	0.828682977616	10
RANDOM_BY_TYPE	Finnish	readDataDistEnglishGPUFreeParsingUnbiasedEntropy_Fixed_REAL_Fast_Broad_Config_Dev_Labeled_MLP_Batch_ContentOnly_Controlled_Morphology_ForModel.py Finnish RANDOM_BY_TYPE 0.001 0.9 0.999 0.3 50 15 2 50 3 True 500 0.2 300 200 300 NONE 1823309 /afs/cs.stanford.edu/u/mhahn/scr/deps/memory-need-neural-morph//model-Finnish_yWithMorphologySequentialStreamDropoutDev_BaselineLanguage_Fast_SaveLast_NoFinePOS.py_model_1823309_RANDOM_BY_TYPE.txt	0.6677259603	0.857522123894	0.813899010932	7
RANDOM_BY_TYPE	Finnish	readDataDistEnglishGPUFreeParsingUnbiasedEntropy_Fixed_REAL_Fast_Broad_Config_Dev_Labeled_MLP_Batch_ContentOnly_Controlled_Morphology_ForModel.py Finnish RANDOM_BY_TYPE 0.001 0.9 0.999 0.3 50 15 2 50 3 True 500 0.2 300 200 300 NONE 7516859 /afs/cs.stanford.edu/u/mhahn/scr/deps/memory-need-neural-morph//model-Finnish_yWithMorphologySequentialStreamDropoutDev_BaselineLanguage_Fast_SaveLast_NoFinePOS.py_model_7516859_RANDOM_BY_TYPE.txt	0.706106541121	0.84133263925	0.798698594482	6
RANDOM_BY_TYPE	Finnish	readDataDistEnglishGPUFreeParsingUnbiasedEntropy_Fixed_REAL_Fast_Broad_Config_Dev_Labeled_MLP_Batch_ContentOnly_Controlled_Morphology_ForModel.py Finnish RANDOM_BY_TYPE 0.001 0.9 0.999 0.3 50 15 2 50 3 True 500 0.2 300 200 300 NONE 3973392 /afs/cs.stanford.edu/u/mhahn/scr/deps/memory-need-neural-morph//model-Finnish_yWithMorphologySequentialStreamDropoutDev_BaselineLanguage_Fast_SaveLast_NoFinePOS.py_model_3973392_RANDOM_BY_TYPE.txt	0.674808416301	0.849765747007	0.81301405518	7
RANDOM_BY_TYPE	Finnish	readDataDistEnglishGPUFreeParsingUnbiasedEntropy_Fixed_REAL_Fast_Broad_Config_Dev_Labeled_MLP_Batch_ContentOnly_Controlled_Morphology_ForModel.py Finnish RANDOM_BY_TYPE 0.001 0.9 0.999 0.3 50 15 2 50 3 True 500 0.2 300 200 300 NONE 7565337 /afs/cs.stanford.edu/u/mhahn/scr/deps/memory-need-neural-morph//model-Finnish_yWithMorphologySequentialStreamDropoutDev_BaselineLanguage_Fast_SaveLast_NoFinePOS.py_model_7565337_RANDOM_BY_TYPE.txt	0.606417263566	0.866788131182	0.83550234253	8
RANDOM_BY_TYPE	Finnish	readDataDistEnglishGPUFreeParsingUnbiasedEntropy_Fixed_REAL_Fast_Broad_Config_Dev_Labeled_MLP_Batch_ContentOnly_Controlled_Morphology_ForModel.py Finnish RANDOM_BY_TYPE 0.001 0.9 0.999 0.3 50 15 2 50 3 True 500 0.2 300 200 300 NONE 1908024 /afs/cs.stanford.edu/u/mhahn/scr/deps/memory-need-neural-morph//model-Finnish_yWithMorphologySequentialStreamDropoutDev_BaselineLanguage_Fast_SaveLast_NoFinePOS.py_model_1908024_RANDOM_BY_TYPE.txt	0.636423053954	0.857678292556	0.82394586153	9
RANDOM_BY_TYPE	Finnish	readDataDistEnglishGPUFreeParsingUnbiasedEntropy_Fixed_REAL_Fast_Broad_Config_Dev_Labeled_MLP_Batch_ContentOnly_Controlled_Morphology_ForModel.py Finnish RANDOM_BY_TYPE 0.001 0.9 0.999 0.3 50 15 2 50 3 True 500 0.2 300 200 300 NONE 8247511 /afs/cs.stanford.edu/u/mhahn/scr/deps/memory-need-neural-morph//model-Finnish_yWithMorphologySequentialStreamDropoutDev_BaselineLanguage_Fast_SaveLast_NoFinePOS.py_model_8247511_RANDOM_BY_TYPE.txt	0.630947756196	0.866996356065	0.835554398751	9
RANDOM_BY_TYPE	Finnish	readDataDistEnglishGPUFreeParsingUnbiasedEntropy_Fixed_REAL_Fast_Broad_Config_Dev_Labeled_MLP_Batch_ContentOnly_Controlled_Morphology_ForModel.py Finnish RANDOM_BY_TYPE 0.001 0.9 0.999 0.3 50 15 2 50 3 True 500 0.2 300 200 300 NONE 7646867 /afs/cs.stanford.edu/u/mhahn/scr/deps/memory-need-neural-morph//model-Finnish_yWithMorphologySequentialStreamDropoutDev_BaselineLanguage_Fast_SaveLast_NoFinePOS_Exponents.py_model_7646867_RANDOM_BY_TYPE.txt	0.597083051029	0.878917230609	0.837480478917	8
RANDOM_BY_TYPE	Finnish	readDataDistEnglishGPUFreeParsingUnbiasedEntropy_Fixed_REAL_Fast_Broad_Config_Dev_Labeled_MLP_Batch_ContentOnly_Controlled_Morphology_ForModel.py Finnish RANDOM_BY_TYPE 0.001 0.9 0.999 0.3 50 15 2 50 3 True 500 0.2 300 200 300 NONE 2278076 /afs/cs.stanford.edu/u/mhahn/scr/deps/memory-need-neural-morph//model-Finnish_yWithMorphologySequentialStreamDropoutDev_BaselineLanguage_Fast_SaveLast_NoFinePOS.py_model_2278076_RANDOM_BY_TYPE.txt	0.614719545911	0.874700676731	0.835970848516	10
RANDOM_BY_TYPE	Finnish	readDataDistEnglishGPUFreeParsingUnbiasedEntropy_Fixed_REAL_Fast_Broad_Config_Dev_Labeled_MLP_Batch_ContentOnly_Controlled_Morphology_ForModel.py Finnish RANDOM_BY_TYPE 0.001 0.9 0.999 0.3 50 15 2 50 3 True 500 0.2 300 200 300 NONE 2362452 /afs/cs.stanford.edu/u/mhahn/scr/deps/memory-need-neural-morph//model-Finnish_yWithMorphologySequentialStreamDropoutDev_BaselineLanguage_Fast_SaveLast_NoFinePOS.py_model_2362452_RANDOM_BY_TYPE.txt	0.645976956656	0.856168662155	0.814627798022	8
RANDOM_BY_TYPE	Finnish	readDataDistEnglishGPUFreeParsingUnbiasedEntropy_Fixed_REAL_Fast_Broad_Config_Dev_Labeled_MLP_Batch_ContentOnly_Controlled_Morphology_ForModel.py Finnish RANDOM_BY_TYPE 0.001 0.9 0.999 0.3 50 15 2 50 3 True 500 0.2 300 200 300 NONE 3636139 /afs/cs.stanford.edu/u/mhahn/scr/deps/memory-need-neural-morph//model-Finnish_yWithMorphologySequentialStreamDropoutDev_BaselineLanguage_Fast_SaveLast_NoFinePOS.py_model_3636139_RANDOM_BY_TYPE.txt	0.675254436193	0.8492451848	0.810723581468	7
RANDOM_BY_TYPE	Finnish	readDataDistEnglishGPUFreeParsingUnbiasedEntropy_Fixed_REAL_Fast_Broad_Config_Dev_Labeled_MLP_Batch_ContentOnly_Controlled_Morphology_ForModel.py Finnish RANDOM_BY_TYPE 0.001 0.9 0.999 0.3 50 15 2 50 3 True 500 0.2 300 200 300 NONE 2860553 /afs/cs.stanford.edu/u/mhahn/scr/deps/memory-need-neural-morph//model-Finnish_yWithMorphologySequentialStreamDropoutDev_BaselineLanguage_Fast_SaveLast_NoFinePOS.py_model_2860553_RANDOM_BY_TYPE.txt	0.625165682488	0.86522644456	0.826965122332	8
RANDOM_BY_TYPE	Finnish	readDataDistEnglishGPUFreeParsingUnbiasedEntropy_Fixed_REAL_Fast_Broad_Config_Dev_Labeled_MLP_Batch_ContentOnly_Controlled_Morphology_ForModel.py Finnish RANDOM_BY_TYPE 0.001 0.9 0.999 0.3 50 15 2 50 3 True 500 0.2 300 200 300 NONE 7516859 /afs/cs.stanford.edu/u/mhahn/scr/deps/memory-need-neural-morph//model-Finnish_yWithMorphologySequentialStreamDropoutDev_BaselineLanguage_Fast_SaveLast_NoFinePOS.py_model_7516859_RANDOM_BY_TYPE.txt	0.690000163665	0.849713690786	0.808381051536	8
RANDOM_BY_TYPE	Finnish	readDataDistEnglishGPUFreeParsingUnbiasedEntropy_Fixed_REAL_Fast_Broad_Config_Dev_Labeled_MLP_Batch_ContentOnly_Controlled_Morphology_ForModel.py Finnish RANDOM_BY_TYPE 0.001 0.9 0.999 0.3 50 15 2 50 3 True 500 0.2 300 200 300 NONE 5862461 /afs/cs.stanford.edu/u/mhahn/scr/deps/memory-need-neural-morph//model-Finnish_yWithMorphologySequentialStreamDropoutDev_BaselineLanguage_Fast_SaveLast_NoFinePOS.py_model_5862461_RANDOM_BY_TYPE.txt	0.605779472526	0.867933368037	0.830036439355	8
RANDOM_BY_TYPE	Finnish	readDataDistEnglishGPUFreeParsingUnbiasedEntropy_Fixed_REAL_Fast_Broad_Config_Dev_Labeled_MLP_Batch_ContentOnly_Controlled_Morphology_ForModel.py Finnish RANDOM_BY_TYPE 0.001 0.9 0.999 0.3 50 15 2 50 3 True 500 0.2 300 200 300 NONE 8593708 /afs/cs.stanford.edu/u/mhahn/scr/deps/memory-need-neural-morph//model-Finnish_yWithMorphologySequentialStreamDropoutDev_BaselineLanguage_Fast_SaveLast_NoFinePOS.py_model_8593708_RANDOM_BY_TYPE.txt	0.588372805794	0.880635085893	0.840707964602	8
RANDOM_BY_TYPE	Finnish	readDataDistEnglishGPUFreeParsingUnbiasedEntropy_Fixed_REAL_Fast_Broad_Config_Dev_Labeled_MLP_Batch_ContentOnly_Controlled_Morphology_ForModel.py Finnish RANDOM_BY_TYPE 0.001 0.9 0.999 0.3 50 15 2 50 3 True 500 0.2 300 200 300 NONE 4308905 /afs/cs.stanford.edu/u/mhahn/scr/deps/memory-need-neural-morph//model-Finnish_yWithMorphologySequentialStreamDropoutDev_BaselineLanguage_Fast_SaveLast_NoFinePOS_Exponents.py_model_4308905_RANDOM_BY_TYPE.txt	0.622497149875	0.868401874024	0.830244664237	8
RANDOM_BY_TYPE	Finnish	readDataDistEnglishGPUFreeParsingUnbiasedEntropy_Fixed_REAL_Fast_Broad_Config_Dev_Labeled_MLP_Batch_ContentOnly_Controlled_Morphology_ForModel.py Finnish RANDOM_BY_TYPE 0.001 0.9 0.999 0.3 50 15 2 50 3 True 500 0.2 300 200 300 NONE 989235 /afs/cs.stanford.edu/u/mhahn/scr/deps/memory-need-neural-morph//model-Finnish_yWithMorphologySequentialStreamDropoutDev_BaselineLanguage_Fast_SaveLast_NoFinePOS.py_model_989235_RANDOM_BY_TYPE.txt	0.660971373571	0.850442477876	0.818584070796	7
RANDOM_BY_TYPE	Finnish	readDataDistEnglishGPUFreeParsingUnbiasedEntropy_Fixed_REAL_Fast_Broad_Config_Dev_Labeled_MLP_Batch_ContentOnly_Controlled_Morphology_ForModel.py Finnish RANDOM_BY_TYPE 0.001 0.9 0.999 0.3 50 15 2 50 3 True 500 0.2 300 200 300 NONE 5525899 /afs/cs.stanford.edu/u/mhahn/scr/deps/memory-need-neural-morph//model-Finnish_yWithMorphologySequentialStreamDropoutDev_BaselineLanguage_Fast_SaveLast_NoFinePOS.py_model_5525899_RANDOM_BY_TYPE.txt	0.654586909206	0.847995835502	0.819416970328	8
RANDOM_BY_TYPE	Finnish	readDataDistEnglishGPUFreeParsingUnbiasedEntropy_Fixed_REAL_Fast_Broad_Config_Dev_Labeled_MLP_Batch_ContentOnly_Controlled_Morphology_ForModel.py Finnish RANDOM_BY_TYPE 0.001 0.9 0.999 0.3 50 15 2 50 3 True 500 0.2 300 200 300 NONE 2108900 /afs/cs.stanford.edu/u/mhahn/scr/deps/memory-need-neural-morph//model-Finnish_yWithMorphologySequentialStreamDropoutDev_BaselineLanguage_Fast_SaveLast_NoFinePOS.py_model_2108900_RANDOM_BY_TYPE.txt	0.634495725184	0.864237376366	0.826861009891	8
RANDOM_BY_TYPE	Finnish	readDataDistEnglishGPUFreeParsingUnbiasedEntropy_Fixed_REAL_Fast_Broad_Config_Dev_Labeled_MLP_Batch_ContentOnly_Controlled_Morphology_ForModel.py Finnish RANDOM_BY_TYPE 0.001 0.9 0.999 0.3 50 15 2 50 3 True 500 0.2 300 200 300 NONE 3932752 /afs/cs.stanford.edu/u/mhahn/scr/deps/memory-need-neural-morph//model-Finnish_yWithMorphologySequentialStreamDropoutDev_BaselineLanguage_Fast_SaveLast_NoFinePOS.py_model_3932752_RANDOM_BY_TYPE.txt	0.615248803342	0.877407600208	0.831389901093	8
RANDOM_BY_TYPE	Finnish	readDataDistEnglishGPUFreeParsingUnbiasedEntropy_Fixed_REAL_Fast_Broad_Config_Dev_Labeled_MLP_Batch_ContentOnly_Controlled_Morphology_ForModel.py Finnish RANDOM_BY_TYPE 0.001 0.9 0.999 0.3 50 15 2 50 3 True 500 0.2 300 200 300 NONE 2439877 /afs/cs.stanford.edu/u/mhahn/scr/deps/memory-need-neural-morph//model-Finnish_yWithMorphologySequentialStreamDropoutDev_BaselineLanguage_Fast_SaveLast_NoFinePOS.py_model_2439877_RANDOM_BY_TYPE.txt	0.612997167685	0.862155127538	0.830504945341	9
RANDOM_BY_TYPE	Finnish	readDataDistEnglishGPUFreeParsingUnbiasedEntropy_Fixed_REAL_Fast_Broad_Config_Dev_Labeled_MLP_Batch_ContentOnly_Controlled_Morphology_ForModel.py Finnish RANDOM_BY_TYPE 0.001 0.9 0.999 0.3 50 15 2 50 3 True 500 0.2 300 200 300 NONE 6745715 /afs/cs.stanford.edu/u/mhahn/scr/deps/memory-need-neural-morph//model-Finnish_yWithMorphologySequentialStreamDropoutDev_BaselineLanguage_Fast_SaveLast_NoFinePOS.py_model_6745715_RANDOM_BY_TYPE.txt	0.578271702467	0.876991150442	0.842373763665	9
RANDOM_BY_TYPE	Finnish	readDataDistEnglishGPUFreeParsingUnbiasedEntropy_Fixed_REAL_Fast_Broad_Config_Dev_Labeled_MLP_Batch_ContentOnly_Controlled_Morphology_ForModel.py Finnish RANDOM_BY_TYPE 0.001 0.9 0.999 0.3 50 15 2 50 3 True 500 0.2 300 200 300 NONE 5780429 /afs/cs.stanford.edu/u/mhahn/scr/deps/memory-need-neural-morph//model-Finnish_yWithMorphologySequentialStreamDropoutDev_BaselineLanguage_Fast_SaveLast_NoFinePOS_Exponents.py_model_5780429_RANDOM_BY_TYPE.txt	0.63715044197	0.868297761583	0.82608016658	7
RANDOM_BY_TYPE	Finnish	readDataDistEnglishGPUFreeParsingUnbiasedEntropy_Fixed_REAL_Fast_Broad_Config_Dev_Labeled_MLP_Batch_ContentOnly_Controlled_Morphology_ForModel.py Finnish RANDOM_BY_TYPE 0.001 0.9 0.999 0.3 50 15 2 50 3 True 500 0.2 300 200 300 NONE 8593708 /afs/cs.stanford.edu/u/mhahn/scr/deps/memory-need-neural-morph//model-Finnish_yWithMorphologySequentialStreamDropoutDev_BaselineLanguage_Fast_SaveLast_NoFinePOS.py_model_8593708_RANDOM_BY_TYPE.txt	0.592988842549	0.879802186361	0.836595523165	7
RANDOM_BY_TYPE	Finnish	readDataDistEnglishGPUFreeParsingUnbiasedEntropy_Fixed_REAL_Fast_Broad_Config_Dev_Labeled_MLP_Batch_ContentOnly_Controlled_Morphology_ForModel.py Finnish RANDOM_BY_TYPE 0.001 0.9 0.999 0.3 50 15 2 50 3 True 500 0.2 300 200 300 NONE 2764416 /afs/cs.stanford.edu/u/mhahn/scr/deps/memory-need-neural-morph//model-Finnish_yWithMorphologySequentialStreamDropoutDev_BaselineLanguage_Fast_SaveLast_NoFinePOS.py_model_2764416_RANDOM_BY_TYPE.txt	0.591438109184	0.87610619469	0.834461218116	9
RANDOM_BY_TYPE	Finnish	readDataDistEnglishGPUFreeParsingUnbiasedEntropy_Fixed_REAL_Fast_Broad_Config_Dev_Labeled_MLP_Batch_ContentOnly_Controlled_Morphology_ForModel.py Finnish RANDOM_BY_TYPE 0.001 0.9 0.999 0.3 50 15 2 50 3 True 500 0.2 300 200 300 NONE 2764416 /afs/cs.stanford.edu/u/mhahn/scr/deps/memory-need-neural-morph//model-Finnish_yWithMorphologySequentialStreamDropoutDev_BaselineLanguage_Fast_SaveLast_NoFinePOS.py_model_2764416_RANDOM_BY_TYPE.txt	0.58447457432	0.876522644456	0.836074960958	8
RANDOM_BY_TYPE	Finnish	readDataDistEnglishGPUFreeParsingUnbiasedEntropy_Fixed_REAL_Fast_Broad_Config_Dev_Labeled_MLP_Batch_ContentOnly_Controlled_Morphology_ForModel.py Finnish RANDOM_BY_TYPE 0.001 0.9 0.999 0.3 50 15 2 50 3 True 500 0.2 300 200 300 NONE 2531181 /afs/cs.stanford.edu/u/mhahn/scr/deps/memory-need-neural-morph//model-Finnish_yWithMorphologySequentialStreamDropoutDev_BaselineLanguage_Fast_SaveLast_NoFinePOS.py_model_2531181_RANDOM_BY_TYPE.txt	0.64075166871	0.866579906299	0.826236335242	9
RANDOM_BY_TYPE	Finnish	readDataDistEnglishGPUFreeParsingUnbiasedEntropy_Fixed_REAL_Fast_Broad_Config_Dev_Labeled_MLP_Batch_ContentOnly_Controlled_Morphology_ForModel.py Finnish RANDOM_BY_TYPE 0.001 0.9 0.999 0.3 50 15 2 50 3 True 500 0.2 300 200 300 NONE 4240495 /afs/cs.stanford.edu/u/mhahn/scr/deps/memory-need-neural-morph//model-Finnish_yWithMorphologySequentialStreamDropoutDev_BaselineLanguage_Fast_SaveLast_NoFinePOS_Exponents.py_model_4240495_RANDOM_BY_TYPE.txt	0.618757240596	0.869911504425	0.829151483602	9
RANDOM_BY_TYPE	Finnish	readDataDistEnglishGPUFreeParsingUnbiasedEntropy_Fixed_REAL_Fast_Broad_Config_Dev_Labeled_MLP_Batch_ContentOnly_Controlled_Morphology_ForModel.py Finnish RANDOM_BY_TYPE 0.001 0.9 0.999 0.3 50 15 2 50 3 True 500 0.2 300 200 300 NONE 9964717 /afs/cs.stanford.edu/u/mhahn/scr/deps/memory-need-neural-morph//model-Finnish_yWithMorphologySequentialStreamDropoutDev_BaselineLanguage_Fast_SaveLast_NoFinePOS.py_model_9964717_RANDOM_BY_TYPE.txt	0.631968577922	0.856168662155	0.828058302967	6
RANDOM_BY_TYPE	Finnish	readDataDistEnglishGPUFreeParsingUnbiasedEntropy_Fixed_REAL_Fast_Broad_Config_Dev_Labeled_MLP_Batch_ContentOnly_Controlled_Morphology_ForModel.py Finnish RANDOM_BY_TYPE 0.001 0.9 0.999 0.3 50 15 2 50 3 True 500 0.2 300 200 300 NONE 1403281 /afs/cs.stanford.edu/u/mhahn/scr/deps/memory-need-neural-morph//model-Finnish_yWithMorphologySequentialStreamDropoutDev_BaselineLanguage_Fast_SaveLast_NoFinePOS.py_model_1403281_RANDOM_BY_TYPE.txt	0.6284673741	0.869182717335	0.828006246746	7
RANDOM_BY_TYPE	Finnish	readDataDistEnglishGPUFreeParsingUnbiasedEntropy_Fixed_REAL_Fast_Broad_Config_Dev_Labeled_MLP_Batch_ContentOnly_Controlled_Morphology_ForModel.py Finnish RANDOM_BY_TYPE 0.001 0.9 0.999 0.3 50 15 2 50 3 True 500 0.2 300 200 300 NONE 756212 /afs/cs.stanford.edu/u/mhahn/scr/deps/memory-need-neural-morph//model-Finnish_yWithMorphologySequentialStreamDropoutDev_BaselineLanguage_Fast_SaveLast_NoFinePOS.py_model_756212_RANDOM_BY_TYPE.txt	0.590732045654	0.876678813118	0.840395627277	8
RANDOM_BY_TYPE	Finnish	readDataDistEnglishGPUFreeParsingUnbiasedEntropy_Fixed_REAL_Fast_Broad_Config_Dev_Labeled_MLP_Batch_ContentOnly_Controlled_Morphology_ForModel.py Finnish RANDOM_BY_TYPE 0.001 0.9 0.999 0.3 50 15 2 50 3 True 500 0.2 300 200 300 NONE 2460848 /afs/cs.stanford.edu/u/mhahn/scr/deps/memory-need-neural-morph//model-Finnish_yWithMorphologySequentialStreamDropoutDev_BaselineLanguage_Fast_SaveLast_NoFinePOS.py_model_2460848_RANDOM_BY_TYPE.txt	0.600259854761	0.878709005726	0.840864133264	9
RANDOM_BY_TYPE	Finnish	readDataDistEnglishGPUFreeParsingUnbiasedEntropy_Fixed_REAL_Fast_Broad_Config_Dev_Labeled_MLP_Batch_ContentOnly_Controlled_Morphology_ForModel.py Finnish RANDOM_BY_TYPE 0.001 0.9 0.999 0.3 50 15 2 50 3 True 500 0.2 300 200 300 NONE 1175886 /afs/cs.stanford.edu/u/mhahn/scr/deps/memory-need-neural-morph//model-Finnish_yWithMorphologySequentialStreamDropoutDev_BaselineLanguage_Fast_SaveLast_NoFinePOS.py_model_1175886_RANDOM_BY_TYPE.txt	0.636821810433	0.872201978136	0.829932326913	7
RANDOM_BY_TYPE	Finnish	readDataDistEnglishGPUFreeParsingUnbiasedEntropy_Fixed_REAL_Fast_Broad_Config_Dev_Labeled_MLP_Batch_ContentOnly_Controlled_Morphology_ForModel.py Finnish RANDOM_BY_TYPE 0.001 0.9 0.999 0.3 50 15 2 50 3 True 500 0.2 300 200 300 NONE 751267 /afs/cs.stanford.edu/u/mhahn/scr/deps/memory-need-neural-morph//model-Finnish_yWithMorphologySequentialStreamDropoutDev_BaselineLanguage_Fast_SaveLast_NoFinePOS.py_model_751267_RANDOM_BY_TYPE.txt	0.608421095975	0.87610619469	0.838521603332	9
RANDOM_BY_TYPE	Finnish	readDataDistEnglishGPUFreeParsingUnbiasedEntropy_Fixed_REAL_Fast_Broad_Config_Dev_Labeled_MLP_Batch_ContentOnly_Controlled_Morphology.py Finnish RANDOM_BY_TYPE 0.001 0.9 0.999 0.3 50 15 2 50 3 True 500 0.2 300 200 300	0.648463452318	0.86090577824	0.824102030193	8
RANDOM_BY_TYPE	Finnish	readDataDistEnglishGPUFreeParsingUnbiasedEntropy_Fixed_REAL_Fast_Broad_Config_Dev_Labeled_MLP_Batch_ContentOnly_Controlled_Morphology_ForModel.py Finnish RANDOM_BY_TYPE 0.001 0.9 0.999 0.3 50 15 2 50 3 True 500 0.2 300 200 300 NONE 9470529 /afs/cs.stanford.edu/u/mhahn/scr/deps/memory-need-neural-morph//model-Finnish_yWithMorphologySequentialStreamDropoutDev_BaselineLanguage_Fast_SaveLast_NoFinePOS_Exponents.py_model_9470529_RANDOM_BY_TYPE.txt	0.628524485527	0.86522644456	0.827433628319	7
RANDOM_BY_TYPE	Finnish	readDataDistEnglishGPUFreeParsingUnbiasedEntropy_Fixed_REAL_Fast_Broad_Config_Dev_Labeled_MLP_Batch_ContentOnly_Controlled_Morphology_ForModel.py Finnish RANDOM_BY_TYPE 0.001 0.9 0.999 0.3 50 15 2 50 3 True 500 0.2 300 200 300 NONE 2228184 /afs/cs.stanford.edu/u/mhahn/scr/deps/memory-need-neural-morph//model-Finnish_yWithMorphologySequentialStreamDropoutDev_BaselineLanguage_Fast_SaveLast_NoFinePOS.py_model_2228184_RANDOM_BY_TYPE.txt	0.680103588179	0.853409682457	0.815304528891	6
RANDOM_BY_TYPE	Finnish	readDataDistEnglishGPUFreeParsingUnbiasedEntropy_Fixed_REAL_Fast_Broad_Config_Dev_Labeled_MLP_Batch_ContentOnly_Controlled_Morphology_ForModel.py Finnish RANDOM_BY_TYPE 0.001 0.9 0.999 0.3 50 15 2 50 3 True 500 0.2 300 200 300 NONE 948943 /afs/cs.stanford.edu/u/mhahn/scr/deps/memory-need-neural-morph//model-Finnish_yWithMorphologySequentialStreamDropoutDev_BaselineLanguage_Fast_SaveLast_NoFinePOS.py_model_948943_RANDOM_BY_TYPE.txt	0.62379024291	0.861374284227	0.827433628319	8
RANDOM_BY_TYPE	Finnish	readDataDistEnglishGPUFreeParsingUnbiasedEntropy_Fixed_REAL_Fast_Broad_Config_Dev_Labeled_MLP_Batch_ContentOnly_Controlled_Morphology_ForModel.py Finnish RANDOM_BY_TYPE 0.001 0.9 0.999 0.3 50 15 2 50 3 True 500 0.2 300 200 300 NONE 1403281 /afs/cs.stanford.edu/u/mhahn/scr/deps/memory-need-neural-morph//model-Finnish_yWithMorphologySequentialStreamDropoutDev_BaselineLanguage_Fast_SaveLast_NoFinePOS.py_model_1403281_RANDOM_BY_TYPE.txt	0.632453125535	0.864445601249	0.819833420094	7
RANDOM_BY_TYPE	Finnish	readDataDistEnglishGPUFreeParsingUnbiasedEntropy_Fixed_REAL_Fast_Broad_Config_Dev_Labeled_MLP_Batch_ContentOnly_Controlled_Morphology.py Finnish RANDOM_BY_TYPE 0.001 0.9 0.999 0.3 50 15 2 50 3 True 500 0.2 300 200 300	0.596674003901	0.878552837064	0.842321707444	8
RANDOM_BY_TYPE	Finnish	readDataDistEnglishGPUFreeParsingUnbiasedEntropy_Fixed_REAL_Fast_Broad_Config_Dev_Labeled_MLP_Batch_ContentOnly_Controlled_Morphology_ForModel.py Finnish RANDOM_BY_TYPE 0.001 0.9 0.999 0.3 50 15 2 50 3 True 500 0.2 300 200 300 NONE 3858747 /afs/cs.stanford.edu/u/mhahn/scr/deps/memory-need-neural-morph//model-Finnish_yWithMorphologySequentialStreamDropoutDev_BaselineLanguage_Fast_SaveLast_NoFinePOS.py_model_3858747_RANDOM_BY_TYPE.txt	0.645302098341	0.862831858407	0.824674648621	9
RANDOM_BY_TYPE	Finnish	readDataDistEnglishGPUFreeParsingUnbiasedEntropy_Fixed_REAL_Fast_Broad_Config_Dev_Labeled_MLP_Batch_ContentOnly_Controlled_Morphology_ForModel.py Finnish RANDOM_BY_TYPE 0.001 0.9 0.999 0.3 50 15 2 50 3 True 500 0.2 300 200 300 NONE 1823309 /afs/cs.stanford.edu/u/mhahn/scr/deps/memory-need-neural-morph//model-Finnish_yWithMorphologySequentialStreamDropoutDev_BaselineLanguage_Fast_SaveLast_NoFinePOS.py_model_1823309_RANDOM_BY_TYPE.txt	0.665049755288	0.855387818844	0.814419573139	7
RANDOM_BY_TYPE	Finnish	readDataDistEnglishGPUFreeParsingUnbiasedEntropy_Fixed_REAL_Fast_Broad_Config_Dev_Labeled_MLP_Batch_ContentOnly_Controlled_Morphology_ForModel.py Finnish RANDOM_BY_TYPE 0.001 0.9 0.999 0.3 50 15 2 50 3 True 500 0.2 300 200 300 NONE 8538961 /afs/cs.stanford.edu/u/mhahn/scr/deps/memory-need-neural-morph//model-Finnish_yWithMorphologySequentialStreamDropoutDev_BaselineLanguage_Fast_SaveLast_NoFinePOS.py_model_8538961_RANDOM_BY_TYPE.txt	0.613893710906	0.862363352421	0.832951587715	8
RANDOM_BY_TYPE	Finnish	readDataDistEnglishGPUFreeParsingUnbiasedEntropy_Fixed_REAL_Fast_Broad_Config_Dev_Labeled_MLP_Batch_ContentOnly_Controlled_Morphology_ForModel.py Finnish RANDOM_BY_TYPE 0.001 0.9 0.999 0.3 50 15 2 50 3 True 500 0.2 300 200 300 NONE 3759937 /afs/cs.stanford.edu/u/mhahn/scr/deps/memory-need-neural-morph//model-Finnish_yWithMorphologySequentialStreamDropoutDev_BaselineLanguage_Fast_SaveLast_NoFinePOS.py_model_3759937_RANDOM_BY_TYPE.txt	0.649403322432	0.859187922957	0.818896408121	7
RANDOM_BY_TYPE	Finnish	readDataDistEnglishGPUFreeParsingUnbiasedEntropy_Fixed_REAL_Fast_Broad_Config_Dev_Labeled_MLP_Batch_ContentOnly_Controlled_Morphology_ForModel.py Finnish RANDOM_BY_TYPE 0.001 0.9 0.999 0.3 50 15 2 50 3 True 500 0.2 300 200 300 NONE 8729887 /afs/cs.stanford.edu/u/mhahn/scr/deps/memory-need-neural-morph//model-Finnish_yWithMorphologySequentialStreamDropoutDev_BaselineLanguage_Fast_SaveLast_NoFinePOS_Exponents.py_model_8729887_RANDOM_BY_TYPE.txt	0.686869095639	0.843310775638	0.80723581468	5
RANDOM_BY_TYPE	Finnish	readDataDistEnglishGPUFreeParsingUnbiasedEntropy_Fixed_REAL_Fast_Broad_Config_Dev_Labeled_MLP_Batch_ContentOnly_Controlled_Morphology_ForModel.py Finnish RANDOM_BY_TYPE 0.001 0.9 0.999 0.3 50 15 2 50 3 True 500 0.2 300 200 300 NONE 895284 /afs/cs.stanford.edu/u/mhahn/scr/deps/memory-need-neural-morph//model-Finnish_yWithMorphologySequentialStreamDropoutDev_BaselineLanguage_Fast_SaveLast_NoFinePOS.py_model_895284_RANDOM_BY_TYPE.txt	0.591921845617	0.875637688704	0.836127017179	8
RANDOM_BY_TYPE	Finnish	readDataDistEnglishGPUFreeParsingUnbiasedEntropy_Fixed_REAL_Fast_Broad_Config_Dev_Labeled_MLP_Batch_ContentOnly_Controlled_Morphology_ForModel.py Finnish RANDOM_BY_TYPE 0.001 0.9 0.999 0.3 50 15 2 50 3 True 500 0.2 300 200 300 NONE 8779861 /afs/cs.stanford.edu/u/mhahn/scr/deps/memory-need-neural-morph//model-Finnish_yWithMorphologySequentialStreamDropoutDev_BaselineLanguage_Fast_SaveLast_NoFinePOS.py_model_8779861_RANDOM_BY_TYPE.txt	0.678495218616	0.844820406039	0.802811035919	6
RANDOM_BY_TYPE	Finnish	readDataDistEnglishGPUFreeParsingUnbiasedEntropy_Fixed_REAL_Fast_Broad_Config_Dev_Labeled_MLP_Batch_ContentOnly_Controlled_Morphology_ForModel.py Finnish RANDOM_BY_TYPE 0.001 0.9 0.999 0.3 50 15 2 50 3 True 500 0.2 300 200 300 NONE 3207107 /afs/cs.stanford.edu/u/mhahn/scr/deps/memory-need-neural-morph//model-Finnish_yWithMorphologySequentialStreamDropoutDev_BaselineLanguage_Fast_SaveLast_NoFinePOS_Exponents.py_model_3207107_RANDOM_BY_TYPE.txt	0.632493084685	0.866475793857	0.823477355544	9
RANDOM_BY_TYPE	Finnish	readDataDistEnglishGPUFreeParsingUnbiasedEntropy_Fixed_REAL_Fast_Broad_Config_Dev_Labeled_MLP_Batch_ContentOnly_Controlled_Morphology_ForModel.py Finnish RANDOM_BY_TYPE 0.001 0.9 0.999 0.3 50 15 2 50 3 True 500 0.2 300 200 300 NONE 4308905 /afs/cs.stanford.edu/u/mhahn/scr/deps/memory-need-neural-morph//model-Finnish_yWithMorphologySequentialStreamDropoutDev_BaselineLanguage_Fast_SaveLast_NoFinePOS_Exponents.py_model_4308905_RANDOM_BY_TYPE.txt	0.631182675418	0.865799062988	0.826652785008	9
RANDOM_BY_TYPE	Finnish	readDataDistEnglishGPUFreeParsingUnbiasedEntropy_Fixed_REAL_Fast_Broad_Config_Dev_Labeled_MLP_Batch_ContentOnly_Controlled_Morphology_ForModel.py Finnish RANDOM_BY_TYPE 0.001 0.9 0.999 0.3 50 15 2 50 3 True 500 0.2 300 200 300 NONE 1481086 /afs/cs.stanford.edu/u/mhahn/scr/deps/memory-need-neural-morph//model-Finnish_yWithMorphologySequentialStreamDropoutDev_BaselineLanguage_Fast_SaveLast_NoFinePOS_Exponents.py_model_1481086_RANDOM_BY_TYPE.txt	0.624373890651	0.859864653826	0.827641853201	9
RANDOM_BY_TYPE	Finnish	readDataDistEnglishGPUFreeParsingUnbiasedEntropy_Fixed_REAL_Fast_Broad_Config_Dev_Labeled_MLP_Batch_ContentOnly_Controlled_Morphology_ForModel.py Finnish RANDOM_BY_TYPE 0.001 0.9 0.999 0.3 50 15 2 50 3 True 500 0.2 300 200 300 NONE 6100814 /afs/cs.stanford.edu/u/mhahn/scr/deps/memory-need-neural-morph//model-Finnish_yWithMorphologySequentialStreamDropoutDev_BaselineLanguage_Fast_SaveLast_NoFinePOS.py_model_6100814_RANDOM_BY_TYPE.txt	0.649216958938	0.857626236335	0.821499219157	9
RANDOM_BY_TYPE	Finnish	readDataDistEnglishGPUFreeParsingUnbiasedEntropy_Fixed_REAL_Fast_Broad_Config_Dev_Labeled_MLP_Batch_ContentOnly_Controlled_Morphology_ForModel.py Finnish RANDOM_BY_TYPE 0.001 0.9 0.999 0.3 50 15 2 50 3 True 500 0.2 300 200 300 NONE 7801592 /afs/cs.stanford.edu/u/mhahn/scr/deps/memory-need-neural-morph//model-Finnish_yWithMorphologySequentialStreamDropoutDev_BaselineLanguage_Fast_SaveLast_NoFinePOS_Exponents.py_model_7801592_RANDOM_BY_TYPE.txt	0.647408907675	0.864185320146	0.828058302967	10
RANDOM_BY_TYPE	Finnish	readDataDistEnglishGPUFreeParsingUnbiasedEntropy_Fixed_REAL_Fast_Broad_Config_Dev_Labeled_MLP_Batch_ContentOnly_Controlled_Morphology_ForModel.py Finnish RANDOM_BY_TYPE 0.001 0.9 0.999 0.3 50 15 2 50 3 True 500 0.2 300 200 300 NONE 605525 /afs/cs.stanford.edu/u/mhahn/scr/deps/memory-need-neural-morph//model-Finnish_yWithMorphologySequentialStreamDropoutDev_BaselineLanguage_Fast_SaveLast_NoFinePOS.py_model_605525_RANDOM_BY_TYPE.txt	0.654553871425	0.859187922957	0.820145757418	7
RANDOM_BY_TYPE	Finnish	readDataDistEnglishGPUFreeParsingUnbiasedEntropy_Fixed_REAL_Fast_Broad_Config_Dev_Labeled_MLP_Batch_ContentOnly_Controlled_Morphology_ForModel.py Finnish RANDOM_BY_TYPE 0.001 0.9 0.999 0.3 50 15 2 50 3 True 500 0.2 300 200 300 NONE 2568306 /afs/cs.stanford.edu/u/mhahn/scr/deps/memory-need-neural-morph//model-Finnish_yWithMorphologySequentialStreamDropoutDev_BaselineLanguage_Fast_SaveLast_NoFinePOS.py_model_2568306_RANDOM_BY_TYPE.txt	0.65477201557	0.858042686101	0.814419573139	6
RANDOM_BY_TYPE	Finnish	readDataDistEnglishGPUFreeParsingUnbiasedEntropy_Fixed_REAL_Fast_Broad_Config_Dev_Labeled_MLP_Batch_ContentOnly_Controlled_Morphology_ForModel.py Finnish RANDOM_BY_TYPE 0.001 0.9 0.999 0.3 50 15 2 50 3 True 500 0.2 300 200 300 NONE 1354497 /afs/cs.stanford.edu/u/mhahn/scr/deps/memory-need-neural-morph//model-Finnish_yWithMorphologySequentialStreamDropoutDev_BaselineLanguage_Fast_SaveLast_NoFinePOS.py_model_1354497_RANDOM_BY_TYPE.txt	0.662696553574	0.850546590318	0.814627798022	7
RANDOM_BY_TYPE	Finnish	readDataDistEnglishGPUFreeParsingUnbiasedEntropy_Fixed_REAL_Fast_Broad_Config_Dev_Labeled_MLP_Batch_ContentOnly_Controlled_Morphology_ForModel.py Finnish RANDOM_BY_TYPE 0.001 0.9 0.999 0.3 50 15 2 50 3 True 500 0.2 300 200 300 NONE 8247511 /afs/cs.stanford.edu/u/mhahn/scr/deps/memory-need-neural-morph//model-Finnish_yWithMorphologySequentialStreamDropoutDev_BaselineLanguage_Fast_SaveLast_NoFinePOS.py_model_8247511_RANDOM_BY_TYPE.txt	0.65034321789	0.8565330557	0.82175950026	7
RANDOM_BY_TYPE	Finnish	readDataDistEnglishGPUFreeParsingUnbiasedEntropy_Fixed_REAL_Fast_Broad_Config_Dev_Labeled_MLP_Batch_ContentOnly_Controlled_Morphology.py Finnish RANDOM_BY_TYPE 0.001 0.9 0.999 0.3 50 15 2 50 3 True 500 0.2 300 200 300	0.636227326119	0.861009890682	0.826444560125	9
RANDOM_BY_TYPE	Finnish	readDataDistEnglishGPUFreeParsingUnbiasedEntropy_Fixed_REAL_Fast_Broad_Config_Dev_Labeled_MLP_Batch_ContentOnly_Controlled_Morphology_ForModel.py Finnish RANDOM_BY_TYPE 0.001 0.9 0.999 0.3 50 15 2 50 3 True 500 0.2 300 200 300 NONE 7281767 /afs/cs.stanford.edu/u/mhahn/scr/deps/memory-need-neural-morph//model-Finnish_yWithMorphologySequentialStreamDropoutDev_BaselineLanguage_Fast_SaveLast_NoFinePOS_Exponents.py_model_7281767_RANDOM_BY_TYPE.txt	0.629991341441	0.860957834461	0.825247267048	8
RANDOM_BY_TYPE	Finnish	readDataDistEnglishGPUFreeParsingUnbiasedEntropy_Fixed_REAL_Fast_Broad_Config_Dev_Labeled_MLP_Batch_ContentOnly_Controlled_Morphology_ForModel.py Finnish RANDOM_BY_TYPE 0.001 0.9 0.999 0.3 50 15 2 50 3 True 500 0.2 300 200 300 NONE 6994489 /afs/cs.stanford.edu/u/mhahn/scr/deps/memory-need-neural-morph//model-Finnish_yWithMorphologySequentialStreamDropoutDev_BaselineLanguage_Fast_SaveLast_NoFinePOS.py_model_6994489_RANDOM_BY_TYPE.txt	0.588653657608	0.87969807392	0.836543466944	7
RANDOM_BY_TYPE	Finnish	readDataDistEnglishGPUFreeParsingUnbiasedEntropy_Fixed_REAL_Fast_Broad_Config_Dev_Labeled_MLP_Batch_ContentOnly_Controlled_Morphology_ForModel.py Finnish RANDOM_BY_TYPE 0.001 0.9 0.999 0.3 50 15 2 50 3 True 500 0.2 300 200 300 NONE 2040439 /afs/cs.stanford.edu/u/mhahn/scr/deps/memory-need-neural-morph//model-Finnish_yWithMorphologySequentialStreamDropoutDev_BaselineLanguage_Fast_SaveLast_NoFinePOS.py_model_2040439_RANDOM_BY_TYPE.txt	0.674180245322	0.852316501822	0.816814159292	6
RANDOM_BY_TYPE	Finnish	readDataDistEnglishGPUFreeParsingUnbiasedEntropy_Fixed_REAL_Fast_Broad_Config_Dev_Labeled_MLP_Batch_ContentOnly_Controlled_Morphology_ForModel.py Finnish RANDOM_BY_TYPE 0.001 0.9 0.999 0.3 50 15 2 50 3 True 500 0.2 300 200 300 NONE 8779861 /afs/cs.stanford.edu/u/mhahn/scr/deps/memory-need-neural-morph//model-Finnish_yWithMorphologySequentialStreamDropoutDev_BaselineLanguage_Fast_SaveLast_NoFinePOS.py_model_8779861_RANDOM_BY_TYPE.txt	0.675293348538	0.847735554399	0.80510150963	6
RANDOM_BY_TYPE	Finnish	readDataDistEnglishGPUFreeParsingUnbiasedEntropy_Fixed_REAL_Fast_Broad_Config_Dev_Labeled_MLP_Batch_ContentOnly_Controlled_Morphology_ForModel.py Finnish RANDOM_BY_TYPE 0.001 0.9 0.999 0.3 50 15 2 50 3 True 500 0.2 300 200 300 NONE 302889 /afs/cs.stanford.edu/u/mhahn/scr/deps/memory-need-neural-morph//model-Finnish_yWithMorphologySequentialStreamDropoutDev_BaselineLanguage_Fast_SaveLast_NoFinePOS.py_model_302889_RANDOM_BY_TYPE.txt	0.602559128276	0.868610098907	0.837168141593	9
RANDOM_BY_TYPE	Finnish	readDataDistEnglishGPUFreeParsingUnbiasedEntropy_Fixed_REAL_Fast_Broad_Config_Dev_Labeled_MLP_Batch_ContentOnly_Controlled_Morphology_ForModel.py Finnish RANDOM_BY_TYPE 0.001 0.9 0.999 0.3 50 15 2 50 3 True 500 0.2 300 200 300 NONE 1267787 /afs/cs.stanford.edu/u/mhahn/scr/deps/memory-need-neural-morph//model-Finnish_yWithMorphologySequentialStreamDropoutDev_BaselineLanguage_Fast_SaveLast_NoFinePOS_Exponents.py_model_1267787_RANDOM_BY_TYPE.txt	0.644119544928	0.861166059344	0.82170744404	8
RANDOM_BY_TYPE	Finnish	readDataDistEnglishGPUFreeParsingUnbiasedEntropy_Fixed_REAL_Fast_Broad_Config_Dev_Labeled_MLP_Batch_ContentOnly_Controlled_Morphology_ForModel.py Finnish RANDOM_BY_TYPE 0.001 0.9 0.999 0.3 50 15 2 50 3 True 500 0.2 300 200 300 NONE 1545819 /afs/cs.stanford.edu/u/mhahn/scr/deps/memory-need-neural-morph//model-Finnish_yWithMorphologySequentialStreamDropoutDev_BaselineLanguage_Fast_SaveLast_NoFinePOS.py_model_1545819_RANDOM_BY_TYPE.txt	0.642649825211	0.851171264966	0.821915668922	8
RANDOM_BY_TYPE	Finnish	readDataDistEnglishGPUFreeParsingUnbiasedEntropy_Fixed_REAL_Fast_Broad_Config_Dev_Labeled_MLP_Batch_ContentOnly_Controlled_Morphology_ForModel.py Finnish RANDOM_BY_TYPE 0.001 0.9 0.999 0.3 50 15 2 50 3 True 500 0.2 300 200 300 NONE 895284 /afs/cs.stanford.edu/u/mhahn/scr/deps/memory-need-neural-morph//model-Finnish_yWithMorphologySequentialStreamDropoutDev_BaselineLanguage_Fast_SaveLast_NoFinePOS.py_model_895284_RANDOM_BY_TYPE.txt	0.595655871756	0.877303487767	0.838677771994	8
RANDOM_BY_TYPE	Finnish	readDataDistEnglishGPUFreeParsingUnbiasedEntropy_Fixed_REAL_Fast_Broad_Config_Dev_Labeled_MLP_Batch_ContentOnly_Controlled_Morphology_ForModel.py Finnish RANDOM_BY_TYPE 0.001 0.9 0.999 0.3 50 15 2 50 3 True 500 0.2 300 200 300 NONE 5143223 /afs/cs.stanford.edu/u/mhahn/scr/deps/memory-need-neural-morph//model-Finnish_yWithMorphologySequentialStreamDropoutDev_BaselineLanguage_Fast_SaveLast_NoFinePOS.py_model_5143223_RANDOM_BY_TYPE.txt	0.608303586531	0.870067673087	0.836283185841	9
RANDOM_BY_TYPE	Finnish	readDataDistEnglishGPUFreeParsingUnbiasedEntropy_Fixed_REAL_Fast_Broad_Config_Dev_Labeled_MLP_Batch_ContentOnly_Controlled_Morphology_ForModel.py Finnish RANDOM_BY_TYPE 0.001 0.9 0.999 0.3 50 15 2 50 3 True 500 0.2 300 200 300 NONE 2568306 /afs/cs.stanford.edu/u/mhahn/scr/deps/memory-need-neural-morph//model-Finnish_yWithMorphologySequentialStreamDropoutDev_BaselineLanguage_Fast_SaveLast_NoFinePOS.py_model_2568306_RANDOM_BY_TYPE.txt	0.645842144792	0.865330557002	0.824154086413	7
RANDOM_BY_TYPE	Finnish	readDataDistEnglishGPUFreeParsingUnbiasedEntropy_Fixed_REAL_Fast_Broad_Config_Dev_Labeled_MLP_Batch_ContentOnly_Controlled_Morphology_ForModel.py Finnish RANDOM_BY_TYPE 0.001 0.9 0.999 0.3 50 15 2 50 3 True 500 0.2 300 200 300 NONE 2446360 /afs/cs.stanford.edu/u/mhahn/scr/deps/memory-need-neural-morph//model-Finnish_yWithMorphologySequentialStreamDropoutDev_BaselineLanguage_Fast_SaveLast_NoFinePOS_Exponents.py_model_2446360_RANDOM_BY_TYPE.txt	0.614465440424	0.861634565331	0.826704841229	7
RANDOM_BY_TYPE	Finnish	readDataDistEnglishGPUFreeParsingUnbiasedEntropy_Fixed_REAL_Fast_Broad_Config_Dev_Labeled_MLP_Batch_ContentOnly_Controlled_Morphology_ForModel.py Finnish RANDOM_BY_TYPE 0.001 0.9 0.999 0.3 50 15 2 50 3 True 500 0.2 300 200 300 NONE 9067465 /afs/cs.stanford.edu/u/mhahn/scr/deps/memory-need-neural-morph//model-Finnish_yWithMorphologySequentialStreamDropoutDev_BaselineLanguage_Fast_SaveLast_NoFinePOS.py_model_9067465_RANDOM_BY_TYPE.txt	0.680222802942	0.845861530453	0.810671525247	6
RANDOM_BY_TYPE	Finnish	readDataDistEnglishGPUFreeParsingUnbiasedEntropy_Fixed_REAL_Fast_Broad_Config_Dev_Labeled_MLP_Batch_ContentOnly_Controlled_Morphology_ForModel.py Finnish RANDOM_BY_TYPE 0.001 0.9 0.999 0.3 50 15 2 50 3 True 500 0.2 300 200 300 NONE 5095328 /afs/cs.stanford.edu/u/mhahn/scr/deps/memory-need-neural-morph//model-Finnish_yWithMorphologySequentialStreamDropoutDev_BaselineLanguage_Fast_SaveLast_NoFinePOS.py_model_5095328_RANDOM_BY_TYPE.txt	0.677230020577	0.854138469547	0.814159292035	7
RANDOM_BY_TYPE	Finnish	readDataDistEnglishGPUFreeParsingUnbiasedEntropy_Fixed_REAL_Fast_Broad_Config_Dev_Labeled_MLP_Batch_ContentOnly_Controlled_Morphology_ForModel.py Finnish RANDOM_BY_TYPE 0.001 0.9 0.999 0.3 50 15 2 50 3 True 500 0.2 300 200 300 NONE 1026299 /afs/cs.stanford.edu/u/mhahn/scr/deps/memory-need-neural-morph//model-Finnish_yWithMorphologySequentialStreamDropoutDev_BaselineLanguage_Fast_SaveLast_NoFinePOS.py_model_1026299_RANDOM_BY_TYPE.txt	0.656930532938	0.866267568974	0.821343050495	9
RANDOM_BY_TYPE	Finnish	readDataDistEnglishGPUFreeParsingUnbiasedEntropy_Fixed_REAL_Fast_Broad_Config_Dev_Labeled_MLP_Batch_ContentOnly_Controlled_Morphology_ForModel.py Finnish RANDOM_BY_TYPE 0.001 0.9 0.999 0.3 50 15 2 50 3 True 500 0.2 300 200 300 NONE 8168976 /afs/cs.stanford.edu/u/mhahn/scr/deps/memory-need-neural-morph//model-Finnish_yWithMorphologySequentialStreamDropoutDev_BaselineLanguage_Fast_SaveLast_NoFinePOS_Exponents.py_model_8168976_RANDOM_BY_TYPE.txt	0.638998380733	0.862988027069	0.821499219157	7
RANDOM_BY_TYPE	Finnish	readDataDistEnglishGPUFreeParsingUnbiasedEntropy_Fixed_REAL_Fast_Broad_Config_Dev_Labeled_MLP_Batch_ContentOnly_Controlled_Morphology_ForModel.py Finnish RANDOM_BY_TYPE 0.001 0.9 0.999 0.3 50 15 2 50 3 True 500 0.2 300 200 300 NONE 5095328 /afs/cs.stanford.edu/u/mhahn/scr/deps/memory-need-neural-morph//model-Finnish_yWithMorphologySequentialStreamDropoutDev_BaselineLanguage_Fast_SaveLast_NoFinePOS.py_model_5095328_RANDOM_BY_TYPE.txt	0.641586451888	0.863456533056	0.825143154607	9
RANDOM_BY_TYPE	Finnish	readDataDistEnglishGPUFreeParsingUnbiasedEntropy_Fixed_REAL_Fast_Broad_Config_Dev_Labeled_MLP_Batch_ContentOnly_Controlled_Morphology_ForModel.py Finnish RANDOM_BY_TYPE 0.001 0.9 0.999 0.3 50 15 2 50 3 True 500 0.2 300 200 300 NONE 3876132 /afs/cs.stanford.edu/u/mhahn/scr/deps/memory-need-neural-morph//model-Finnish_yWithMorphologySequentialStreamDropoutDev_BaselineLanguage_Fast_SaveLast_NoFinePOS.py_model_3876132_RANDOM_BY_TYPE.txt	0.654991417214	0.857313899011	0.818584070796	6
RANDOM_BY_TYPE	Finnish	readDataDistEnglishGPUFreeParsingUnbiasedEntropy_Fixed_REAL_Fast_Broad_Config_Dev_Labeled_MLP_Batch_ContentOnly_Controlled_Morphology_ForModel.py Finnish RANDOM_BY_TYPE 0.001 0.9 0.999 0.3 50 15 2 50 3 True 500 0.2 300 200 300 NONE 2228184 /afs/cs.stanford.edu/u/mhahn/scr/deps/memory-need-neural-morph//model-Finnish_yWithMorphologySequentialStreamDropoutDev_BaselineLanguage_Fast_SaveLast_NoFinePOS.py_model_2228184_RANDOM_BY_TYPE.txt	0.660307019896	0.858823529412	0.824518479958	9
RANDOM_BY_TYPE	Finnish	readDataDistEnglishGPUFreeParsingUnbiasedEntropy_Fixed_REAL_Fast_Broad_Config_Dev_Labeled_MLP_Batch_ContentOnly_Controlled_Morphology_ForModel.py Finnish RANDOM_BY_TYPE 0.001 0.9 0.999 0.3 50 15 2 50 3 True 500 0.2 300 200 300 NONE 2968391 /afs/cs.stanford.edu/u/mhahn/scr/deps/memory-need-neural-morph//model-Finnish_yWithMorphologySequentialStreamDropoutDev_BaselineLanguage_Fast_SaveLast_NoFinePOS.py_model_2968391_RANDOM_BY_TYPE.txt	0.615014852446	0.873399271213	0.831337844872	8
RANDOM_BY_TYPE	Finnish	readDataDistEnglishGPUFreeParsingUnbiasedEntropy_Fixed_REAL_Fast_Broad_Config_Dev_Labeled_MLP_Batch_ContentOnly_Controlled_Morphology_ForModel.py Finnish RANDOM_BY_TYPE 0.001 0.9 0.999 0.3 50 15 2 50 3 True 500 0.2 300 200 300 NONE 3973392 /afs/cs.stanford.edu/u/mhahn/scr/deps/memory-need-neural-morph//model-Finnish_yWithMorphologySequentialStreamDropoutDev_BaselineLanguage_Fast_SaveLast_NoFinePOS.py_model_3973392_RANDOM_BY_TYPE.txt	0.667565332017	0.853565851119	0.819833420094	8
RANDOM_BY_TYPE	Finnish	readDataDistEnglishGPUFreeParsingUnbiasedEntropy_Fixed_REAL_Fast_Broad_Config_Dev_Labeled_MLP_Batch_ContentOnly_Controlled_Morphology_ForModel.py Finnish RANDOM_BY_TYPE 0.001 0.9 0.999 0.3 50 15 2 50 3 True 500 0.2 300 200 300 NONE 1642709 /afs/cs.stanford.edu/u/mhahn/scr/deps/memory-need-neural-morph//model-Finnish_yWithMorphologySequentialStreamDropoutDev_BaselineLanguage_Fast_SaveLast_NoFinePOS.py_model_1642709_RANDOM_BY_TYPE.txt	0.583314736491	0.87824049974	0.841592920354	8
RANDOM_BY_TYPE	Finnish	readDataDistEnglishGPUFreeParsingUnbiasedEntropy_Fixed_REAL_Fast_Broad_Config_Dev_Labeled_MLP_Batch_ContentOnly_Controlled_Morphology_ForModel.py Finnish RANDOM_BY_TYPE 0.001 0.9 0.999 0.3 50 15 2 50 3 True 500 0.2 300 200 300 NONE 948943 /afs/cs.stanford.edu/u/mhahn/scr/deps/memory-need-neural-morph//model-Finnish_yWithMorphologySequentialStreamDropoutDev_BaselineLanguage_Fast_SaveLast_NoFinePOS.py_model_948943_RANDOM_BY_TYPE.txt	0.627788694599	0.860281103592	0.826861009891	8
RANDOM_BY_TYPE	Finnish	readDataDistEnglishGPUFreeParsingUnbiasedEntropy_Fixed_REAL_Fast_Broad_Config_Dev_Labeled_MLP_Batch_ContentOnly_Controlled_Morphology_ForModel.py Finnish RANDOM_BY_TYPE 0.001 0.9 0.999 0.3 50 15 2 50 3 True 500 0.2 300 200 300 NONE 3207107 /afs/cs.stanford.edu/u/mhahn/scr/deps/memory-need-neural-morph//model-Finnish_yWithMorphologySequentialStreamDropoutDev_BaselineLanguage_Fast_SaveLast_NoFinePOS_Exponents.py_model_3207107_RANDOM_BY_TYPE.txt	0.639146176879	0.863248308173	0.819364914107	8
RANDOM_BY_TYPE	Finnish	readDataDistEnglishGPUFreeParsingUnbiasedEntropy_Fixed_REAL_Fast_Broad_Config_Dev_Labeled_MLP_Batch_ContentOnly_Controlled_Morphology_ForModel.py Finnish RANDOM_BY_TYPE 0.001 0.9 0.999 0.3 50 15 2 50 3 True 500 0.2 300 200 300 NONE 6562649 /afs/cs.stanford.edu/u/mhahn/scr/deps/memory-need-neural-morph//model-Finnish_yWithMorphologySequentialStreamDropoutDev_BaselineLanguage_Fast_SaveLast_NoFinePOS.py_model_6562649_RANDOM_BY_TYPE.txt	0.686658927455	0.852212389381	0.813586673607	9
RANDOM_BY_TYPE	Finnish	readDataDistEnglishGPUFreeParsingUnbiasedEntropy_Fixed_REAL_Fast_Broad_Config_Dev_Labeled_MLP_Batch_ContentOnly_Controlled_Morphology_ForModel.py Finnish RANDOM_BY_TYPE 0.001 0.9 0.999 0.3 50 15 2 50 3 True 500 0.2 300 200 300 NONE 7195849 /afs/cs.stanford.edu/u/mhahn/scr/deps/memory-need-neural-morph//model-Finnish_yWithMorphologySequentialStreamDropoutDev_BaselineLanguage_Fast_SaveLast_NoFinePOS.py_model_7195849_RANDOM_BY_TYPE.txt	0.65952392559	0.851275377408	0.812701717855	7
RANDOM_BY_TYPE	Finnish	readDataDistEnglishGPUFreeParsingUnbiasedEntropy_Fixed_REAL_Fast_Broad_Config_Dev_Labeled_MLP_Batch_ContentOnly_Controlled_Morphology_ForModel.py Finnish RANDOM_BY_TYPE 0.001 0.9 0.999 0.3 50 15 2 50 3 True 500 0.2 300 200 300 NONE 7281767 /afs/cs.stanford.edu/u/mhahn/scr/deps/memory-need-neural-morph//model-Finnish_yWithMorphologySequentialStreamDropoutDev_BaselineLanguage_Fast_SaveLast_NoFinePOS_Exponents.py_model_7281767_RANDOM_BY_TYPE.txt	0.624876284516	0.86090577824	0.826965122332	8
RANDOM_BY_TYPE	Finnish	readDataDistEnglishGPUFreeParsingUnbiasedEntropy_Fixed_REAL_Fast_Broad_Config_Dev_Labeled_MLP_Batch_ContentOnly_Controlled_Morphology_ForModel.py Finnish RANDOM_BY_TYPE 0.001 0.9 0.999 0.3 50 15 2 50 3 True 500 0.2 300 200 300 NONE 3334830 /afs/cs.stanford.edu/u/mhahn/scr/deps/memory-need-neural-morph//model-Finnish_yWithMorphologySequentialStreamDropoutDev_BaselineLanguage_Fast_SaveLast_NoFinePOS.py_model_3334830_RANDOM_BY_TYPE.txt	0.634943944656	0.87027589797	0.825195210828	9
RANDOM_BY_TYPE	Finnish	readDataDistEnglishGPUFreeParsingUnbiasedEntropy_Fixed_REAL_Fast_Broad_Config_Dev_Labeled_MLP_Batch_ContentOnly_Controlled_Morphology.py Finnish RANDOM_BY_TYPE 0.001 0.9 0.999 0.3 50 15 2 50 3 True 500 0.2 300 200 300	0.665081027673	0.851223321187	0.817595002603	10
RANDOM_BY_TYPE	Finnish	readDataDistEnglishGPUFreeParsingUnbiasedEntropy_Fixed_REAL_Fast_Broad_Config_Dev_Labeled_MLP_Batch_ContentOnly_Controlled_Morphology_ForModel.py Finnish RANDOM_BY_TYPE 0.001 0.9 0.999 0.3 50 15 2 50 3 True 500 0.2 300 200 300 NONE 9076061 /afs/cs.stanford.edu/u/mhahn/scr/deps/memory-need-neural-morph//model-Finnish_yWithMorphologySequentialStreamDropoutDev_BaselineLanguage_Fast_SaveLast_NoFinePOS_Exponents.py_model_9076061_RANDOM_BY_TYPE.txt	0.637971355489	0.86017699115	0.824102030193	8
RANDOM_BY_TYPE	Finnish	readDataDistEnglishGPUFreeParsingUnbiasedEntropy_Fixed_REAL_Fast_Broad_Config_Dev_Labeled_MLP_Batch_ContentOnly_Controlled_Morphology_ForModel.py Finnish RANDOM_BY_TYPE 0.001 0.9 0.999 0.3 50 15 2 50 3 True 500 0.2 300 200 300 NONE 8265754 /afs/cs.stanford.edu/u/mhahn/scr/deps/memory-need-neural-morph//model-Finnish_yWithMorphologySequentialStreamDropoutDev_BaselineLanguage_Fast_SaveLast_NoFinePOS.py_model_8265754_RANDOM_BY_TYPE.txt	0.652342663669	0.856741280583	0.81957313899	6
RANDOM_BY_TYPE	Finnish	readDataDistEnglishGPUFreeParsingUnbiasedEntropy_Fixed_REAL_Fast_Broad_Config_Dev_Labeled_MLP_Batch_ContentOnly_Controlled_Morphology_ForModel.py Finnish RANDOM_BY_TYPE 0.001 0.9 0.999 0.3 50 15 2 50 3 True 500 0.2 300 200 300 NONE 3876132 /afs/cs.stanford.edu/u/mhahn/scr/deps/memory-need-neural-morph//model-Finnish_yWithMorphologySequentialStreamDropoutDev_BaselineLanguage_Fast_SaveLast_NoFinePOS.py_model_3876132_RANDOM_BY_TYPE.txt	0.638287483755	0.861894846434	0.827121290994	8
RANDOM_BY_TYPE	Finnish	readDataDistEnglishGPUFreeParsingUnbiasedEntropy_Fixed_REAL_Fast_Broad_Config_Dev_Labeled_MLP_Batch_ContentOnly_Controlled_Morphology_ForModel.py Finnish RANDOM_BY_TYPE 0.001 0.9 0.999 0.3 50 15 2 50 3 True 500 0.2 300 200 300 NONE 3845488 /afs/cs.stanford.edu/u/mhahn/scr/deps/memory-need-neural-morph//model-Finnish_yWithMorphologySequentialStreamDropoutDev_BaselineLanguage_Fast_SaveLast_NoFinePOS_Exponents.py_model_3845488_RANDOM_BY_TYPE.txt	0.647131391831	0.855491931286	0.817803227486	8
RANDOM_BY_TYPE	Finnish	readDataDistEnglishGPUFreeParsingUnbiasedEntropy_Fixed_REAL_Fast_Broad_Config_Dev_Labeled_MLP_Batch_ContentOnly_Controlled_Morphology_ForModel.py Finnish RANDOM_BY_TYPE 0.001 0.9 0.999 0.3 50 15 2 50 3 True 500 0.2 300 200 300 NONE 9076061 /afs/cs.stanford.edu/u/mhahn/scr/deps/memory-need-neural-morph//model-Finnish_yWithMorphologySequentialStreamDropoutDev_BaselineLanguage_Fast_SaveLast_NoFinePOS_Exponents.py_model_9076061_RANDOM_BY_TYPE.txt	0.639219442959	0.861478396668	0.825403435711	8
RANDOM_BY_TYPE	Finnish	readDataDistEnglishGPUFreeParsingUnbiasedEntropy_Fixed_REAL_Fast_Broad_Config_Dev_Labeled_MLP_Batch_ContentOnly_Controlled_Morphology_ForModel.py Finnish RANDOM_BY_TYPE 0.001 0.9 0.999 0.3 50 15 2 50 3 True 500 0.2 300 200 300 NONE 8131829 /afs/cs.stanford.edu/u/mhahn/scr/deps/memory-need-neural-morph//model-Finnish_yWithMorphologySequentialStreamDropoutDev_BaselineLanguage_Fast_SaveLast_NoFinePOS.py_model_8131829_RANDOM_BY_TYPE.txt	0.65784243797	0.857365955232	0.822071837585	8
RANDOM_BY_TYPE	Finnish	readDataDistEnglishGPUFreeParsingUnbiasedEntropy_Fixed_REAL_Fast_Broad_Config_Dev_Labeled_MLP_Batch_ContentOnly_Controlled_Morphology_ForModel.py Finnish RANDOM_BY_TYPE 0.001 0.9 0.999 0.3 50 15 2 50 3 True 500 0.2 300 200 300 NONE 567841 /afs/cs.stanford.edu/u/mhahn/scr/deps/memory-need-neural-morph//model-Finnish_yWithMorphologySequentialStreamDropoutDev_BaselineLanguage_Fast_SaveLast_NoFinePOS.py_model_567841_RANDOM_BY_TYPE.txt	0.593274139675	0.868974492452	0.840916189485	10
RANDOM_BY_TYPE	Finnish	readDataDistEnglishGPUFreeParsingUnbiasedEntropy_Fixed_REAL_Fast_Broad_Config_Dev_Labeled_MLP_Batch_ContentOnly_Controlled_Morphology_ForModel.py Finnish RANDOM_BY_TYPE 0.001 0.9 0.999 0.3 50 15 2 50 3 True 500 0.2 300 200 300 NONE 8002573 /afs/cs.stanford.edu/u/mhahn/scr/deps/memory-need-neural-morph//model-Finnish_yWithMorphologySequentialStreamDropoutDev_BaselineLanguage_Fast_SaveLast_NoFinePOS.py_model_8002573_RANDOM_BY_TYPE.txt	0.655825710446	0.851535658511	0.817178552837	8
RANDOM_BY_TYPE	Finnish	readDataDistEnglishGPUFreeParsingUnbiasedEntropy_Fixed_REAL_Fast_Broad_Config_Dev_Labeled_MLP_Batch_ContentOnly_Controlled_Morphology_ForModel.py Finnish RANDOM_BY_TYPE 0.001 0.9 0.999 0.3 50 15 2 50 3 True 500 0.2 300 200 300 NONE 2968391 /afs/cs.stanford.edu/u/mhahn/scr/deps/memory-need-neural-morph//model-Finnish_yWithMorphologySequentialStreamDropoutDev_BaselineLanguage_Fast_SaveLast_NoFinePOS.py_model_2968391_RANDOM_BY_TYPE.txt	0.625091221654	0.87319104633	0.832691306611	9
RANDOM_BY_TYPE	Finnish	readDataDistEnglishGPUFreeParsingUnbiasedEntropy_Fixed_REAL_Fast_Broad_Config_Dev_Labeled_MLP_Batch_ContentOnly_Controlled_Morphology_ForModel.py Finnish RANDOM_BY_TYPE 0.001 0.9 0.999 0.3 50 15 2 50 3 True 500 0.2 300 200 300 NONE 6090879 /afs/cs.stanford.edu/u/mhahn/scr/deps/memory-need-neural-morph//model-Finnish_yWithMorphologySequentialStreamDropoutDev_BaselineLanguage_Fast_SaveLast_NoFinePOS.py_model_6090879_RANDOM_BY_TYPE.txt	0.679168618042	0.84565330557	0.809734513274	8
RANDOM_BY_TYPE	Finnish	readDataDistEnglishGPUFreeParsingUnbiasedEntropy_Fixed_REAL_Fast_Broad_Config_Dev_Labeled_MLP_Batch_ContentOnly_Controlled_Morphology_ForModel.py Finnish RANDOM_BY_TYPE 0.001 0.9 0.999 0.3 50 15 2 50 3 True 500 0.2 300 200 300 NONE 80084 /afs/cs.stanford.edu/u/mhahn/scr/deps/memory-need-neural-morph//model-Finnish_yWithMorphologySequentialStreamDropoutDev_BaselineLanguage_Fast_SaveLast_NoFinePOS.py_model_80084_RANDOM_BY_TYPE.txt	0.658656442162	0.855283706403	0.820614263404	9
RANDOM_BY_TYPE	Finnish	readDataDistEnglishGPUFreeParsingUnbiasedEntropy_Fixed_REAL_Fast_Broad_Config_Dev_Labeled_MLP_Batch_ContentOnly_Controlled_Morphology_ForModel.py Finnish RANDOM_BY_TYPE 0.001 0.9 0.999 0.3 50 15 2 50 3 True 500 0.2 300 200 300 NONE 989235 /afs/cs.stanford.edu/u/mhahn/scr/deps/memory-need-neural-morph//model-Finnish_yWithMorphologySequentialStreamDropoutDev_BaselineLanguage_Fast_SaveLast_NoFinePOS.py_model_989235_RANDOM_BY_TYPE.txt	0.652069454054	0.849817803227	0.81738677772	8
RANDOM_BY_TYPE	Finnish	readDataDistEnglishGPUFreeParsingUnbiasedEntropy_Fixed_REAL_Fast_Broad_Config_Dev_Labeled_MLP_Batch_ContentOnly_Controlled_Morphology_ForModel.py Finnish RANDOM_BY_TYPE 0.001 0.9 0.999 0.3 50 15 2 50 3 True 500 0.2 300 200 300 NONE 3932752 /afs/cs.stanford.edu/u/mhahn/scr/deps/memory-need-neural-morph//model-Finnish_yWithMorphologySequentialStreamDropoutDev_BaselineLanguage_Fast_SaveLast_NoFinePOS.py_model_3932752_RANDOM_BY_TYPE.txt	0.611112088092	0.873711608537	0.827173347215	7
RANDOM_BY_TYPE	Finnish	readDataDistEnglishGPUFreeParsingUnbiasedEntropy_Fixed_REAL_Fast_Broad_Config_Dev_Labeled_MLP_Batch_ContentOnly_Controlled_Morphology_ForModel.py Finnish RANDOM_BY_TYPE 0.001 0.9 0.999 0.3 50 15 2 50 3 True 500 0.2 300 200 300 NONE 5525899 /afs/cs.stanford.edu/u/mhahn/scr/deps/memory-need-neural-morph//model-Finnish_yWithMorphologySequentialStreamDropoutDev_BaselineLanguage_Fast_SaveLast_NoFinePOS.py_model_5525899_RANDOM_BY_TYPE.txt	0.654357941721	0.852108276939	0.822332118688	7
RANDOM_BY_TYPE	Finnish	readDataDistEnglishGPUFreeParsingUnbiasedEntropy_Fixed_REAL_Fast_Broad_Config_Dev_Labeled_MLP_Batch_ContentOnly_Controlled_Morphology_ForModel.py Finnish RANDOM_BY_TYPE 0.001 0.9 0.999 0.3 50 15 2 50 3 True 500 0.2 300 200 300 NONE 6994489 /afs/cs.stanford.edu/u/mhahn/scr/deps/memory-need-neural-morph//model-Finnish_yWithMorphologySequentialStreamDropoutDev_BaselineLanguage_Fast_SaveLast_NoFinePOS.py_model_6994489_RANDOM_BY_TYPE.txt	0.579471601421	0.882457053618	0.84060385216	8
RANDOM_BY_TYPE	Finnish	readDataDistEnglishGPUFreeParsingUnbiasedEntropy_Fixed_REAL_Fast_Broad_Config_Dev_Labeled_MLP_Batch_ContentOnly_Controlled_Morphology_ForModel.py Finnish RANDOM_BY_TYPE 0.001 0.9 0.999 0.3 50 15 2 50 3 True 500 0.2 300 200 300 NONE 5504697 /afs/cs.stanford.edu/u/mhahn/scr/deps/memory-need-neural-morph//model-Finnish_yWithMorphologySequentialStreamDropoutDev_BaselineLanguage_Fast_SaveLast_NoFinePOS.py_model_5504697_RANDOM_BY_TYPE.txt	0.594240040996	0.874544508069	0.838261322228	9
RANDOM_BY_TYPE	Finnish	readDataDistEnglishGPUFreeParsingUnbiasedEntropy_Fixed_REAL_Fast_Broad_Config_Dev_Labeled_MLP_Batch_ContentOnly_Controlled_Morphology_ForModel.py Finnish RANDOM_BY_TYPE 0.001 0.9 0.999 0.3 50 15 2 50 3 True 500 0.2 300 200 300 NONE 80084 /afs/cs.stanford.edu/u/mhahn/scr/deps/memory-need-neural-morph//model-Finnish_yWithMorphologySequentialStreamDropoutDev_BaselineLanguage_Fast_SaveLast_NoFinePOS.py_model_80084_RANDOM_BY_TYPE.txt	0.648837468424	0.852785007808	0.816918271733	9
RANDOM_BY_TYPE	Finnish	readDataDistEnglishGPUFreeParsingUnbiasedEntropy_Fixed_REAL_Fast_Broad_Config_Dev_Labeled_MLP_Batch_ContentOnly_Controlled_Morphology_ForModel.py Finnish RANDOM_BY_TYPE 0.001 0.9 0.999 0.3 50 15 2 50 3 True 500 0.2 300 200 300 NONE 5780429 /afs/cs.stanford.edu/u/mhahn/scr/deps/memory-need-neural-morph//model-Finnish_yWithMorphologySequentialStreamDropoutDev_BaselineLanguage_Fast_SaveLast_NoFinePOS_Exponents.py_model_5780429_RANDOM_BY_TYPE.txt	0.63497090703	0.866892243623	0.823841749089	9
RANDOM_BY_TYPE	Finnish	readDataDistEnglishGPUFreeParsingUnbiasedEntropy_Fixed_REAL_Fast_Broad_Config_Dev_Labeled_MLP_Batch_ContentOnly_Controlled_Morphology_ForModel.py Finnish RANDOM_BY_TYPE 0.001 0.9 0.999 0.3 50 15 2 50 3 True 500 0.2 300 200 300 NONE 3759937 /afs/cs.stanford.edu/u/mhahn/scr/deps/memory-need-neural-morph//model-Finnish_yWithMorphologySequentialStreamDropoutDev_BaselineLanguage_Fast_SaveLast_NoFinePOS.py_model_3759937_RANDOM_BY_TYPE.txt	0.652660764834	0.862779802186	0.824362311296	7
RANDOM_BY_TYPE	Finnish	readDataDistEnglishGPUFreeParsingUnbiasedEntropy_Fixed_REAL_Fast_Broad_Config_Dev_Labeled_MLP_Batch_ContentOnly_Controlled_Morphology.py Finnish RANDOM_BY_TYPE 0.001 0.9 0.999 0.3 50 15 2 50 3 True 500 0.2 300 200 300 131266571	0.614539689341	0.877667881312	0.834148880791	8
RANDOM_BY_TYPE	Finnish	readDataDistEnglishGPUFreeParsingUnbiasedEntropy_Fixed_REAL_Fast_Broad_Config_Dev_Labeled_MLP_Batch_ContentOnly_Controlled_Morphology_ForModel.py Finnish RANDOM_BY_TYPE 0.001 0.9 0.999 0.3 50 15 2 50 3 True 500 0.2 300 200 300 NONE 2124957 /afs/cs.stanford.edu/u/mhahn/scr/deps/memory-need-neural-morph//model-Finnish_yWithMorphologySequentialStreamDropoutDev_BaselineLanguage_Fast_SaveLast_NoFinePOS_Exponents.py_model_2124957_RANDOM_BY_TYPE.txt	0.651859850576	0.855960437272	0.824362311296	7
RANDOM_BY_TYPE	Finnish	readDataDistEnglishGPUFreeParsingUnbiasedEntropy_Fixed_REAL_Fast_Broad_Config_Dev_Labeled_MLP_Batch_ContentOnly_Controlled_Morphology_ForModel.py Finnish RANDOM_BY_TYPE 0.001 0.9 0.999 0.3 50 15 2 50 3 True 500 0.2 300 200 300 NONE 6745715 /afs/cs.stanford.edu/u/mhahn/scr/deps/memory-need-neural-morph//model-Finnish_yWithMorphologySequentialStreamDropoutDev_BaselineLanguage_Fast_SaveLast_NoFinePOS.py_model_6745715_RANDOM_BY_TYPE.txt	0.577530555065	0.875221238938	0.841228526809	8
RANDOM_BY_TYPE	Finnish	readDataDistEnglishGPUFreeParsingUnbiasedEntropy_Fixed_REAL_Fast_Broad_Config_Dev_Labeled_MLP_Batch_ContentOnly_Controlled_Morphology_ForModel.py Finnish RANDOM_BY_TYPE 0.001 0.9 0.999 0.3 50 15 2 50 3 True 500 0.2 300 200 300 NONE 5504697 /afs/cs.stanford.edu/u/mhahn/scr/deps/memory-need-neural-morph//model-Finnish_yWithMorphologySequentialStreamDropoutDev_BaselineLanguage_Fast_SaveLast_NoFinePOS.py_model_5504697_RANDOM_BY_TYPE.txt	0.59411976254	0.878396668402	0.841905257678	10
RANDOM_BY_TYPE	Finnish	readDataDistEnglishGPUFreeParsingUnbiasedEntropy_Fixed_REAL_Fast_Broad_Config_Dev_Labeled_MLP_Batch_ContentOnly_Controlled_Morphology_ForModel.py Finnish RANDOM_BY_TYPE 0.001 0.9 0.999 0.3 50 15 2 50 3 True 500 0.2 300 200 300 NONE 1685466 /afs/cs.stanford.edu/u/mhahn/scr/deps/memory-need-neural-morph//model-Finnish_yWithMorphologySequentialStreamDropoutDev_BaselineLanguage_Fast_SaveLast_NoFinePOS.py_model_1685466_RANDOM_BY_TYPE.txt	0.639615737824	0.865799062988	0.822592399792	8
RANDOM_BY_TYPE	Finnish	readDataDistEnglishGPUFreeParsingUnbiasedEntropy_Fixed_REAL_Fast_Broad_Config_Dev_Labeled_MLP_Batch_ContentOnly_Controlled_Morphology_ForModel.py Finnish RANDOM_BY_TYPE 0.001 0.9 0.999 0.3 50 15 2 50 3 True 500 0.2 300 200 300 NONE 9964717 /afs/cs.stanford.edu/u/mhahn/scr/deps/memory-need-neural-morph//model-Finnish_yWithMorphologySequentialStreamDropoutDev_BaselineLanguage_Fast_SaveLast_NoFinePOS.py_model_9964717_RANDOM_BY_TYPE.txt	0.615804299661	0.864862051015	0.835398230088	9
RANDOM_BY_TYPE	Finnish	readDataDistEnglishGPUFreeParsingUnbiasedEntropy_Fixed_REAL_Fast_Broad_Config_Dev_Labeled_MLP_Batch_ContentOnly_Controlled_Morphology_ForModel.py Finnish RANDOM_BY_TYPE 0.001 0.9 0.999 0.3 50 15 2 50 3 True 500 0.2 300 200 300 NONE 7565337 /afs/cs.stanford.edu/u/mhahn/scr/deps/memory-need-neural-morph//model-Finnish_yWithMorphologySequentialStreamDropoutDev_BaselineLanguage_Fast_SaveLast_NoFinePOS.py_model_7565337_RANDOM_BY_TYPE.txt	0.598139401544	0.867204580947	0.838990109318	9
RANDOM_BY_TYPE	Finnish	readDataDistEnglishGPUFreeParsingUnbiasedEntropy_Fixed_REAL_Fast_Broad_Config_Dev_Labeled_MLP_Batch_ContentOnly_Controlled_Morphology_ForModel.py Finnish RANDOM_BY_TYPE 0.001 0.9 0.999 0.3 50 15 2 50 3 True 500 0.2 300 200 300 NONE 4240495 /afs/cs.stanford.edu/u/mhahn/scr/deps/memory-need-neural-morph//model-Finnish_yWithMorphologySequentialStreamDropoutDev_BaselineLanguage_Fast_SaveLast_NoFinePOS_Exponents.py_model_4240495_RANDOM_BY_TYPE.txt	0.632752858919	0.865590838105	0.822384174909	7
RANDOM_BY_TYPE	Finnish	readDataDistEnglishGPUFreeParsingUnbiasedEntropy_Fixed_REAL_Fast_Broad_Config_Dev_Labeled_MLP_Batch_ContentOnly_Controlled_Morphology_ForModel.py Finnish RANDOM_BY_TYPE 0.001 0.9 0.999 0.3 50 15 2 50 3 True 500 0.2 300 200 300 NONE 6635629 /afs/cs.stanford.edu/u/mhahn/scr/deps/memory-need-neural-morph//model-Finnish_yWithMorphologySequentialStreamDropoutDev_BaselineLanguage_Fast_SaveLast_NoFinePOS.py_model_6635629_RANDOM_BY_TYPE.txt	0.62086087555	0.868453930245	0.830661114003	9
RANDOM_BY_TYPE	Finnish	readDataDistEnglishGPUFreeParsingUnbiasedEntropy_Fixed_REAL_Fast_Broad_Config_Dev_Labeled_MLP_Batch_ContentOnly_Controlled_Morphology_ForModel.py Finnish RANDOM_BY_TYPE 0.001 0.9 0.999 0.3 50 15 2 50 3 True 500 0.2 300 200 300 NONE 3836719 /afs/cs.stanford.edu/u/mhahn/scr/deps/memory-need-neural-morph//model-Finnish_yWithMorphologySequentialStreamDropoutDev_BaselineLanguage_Fast_SaveLast_NoFinePOS.py_model_3836719_RANDOM_BY_TYPE.txt	0.655058030676	0.86887038001	0.814211348256	6
