Model	Language	Code	Type	Distance	ConditionalMI	TotalMI	ModelID	UnigramCE
yWithMorphologySequentialStreamDropoutDev_BaselineLanguage_Fast_SaveLast_NoFinePOS.py	Spanish	Spanish	REAL_REAL	1	1.06808986179	1.56855173054	4031663	4.3686979697
yWithMorphologySequentialStreamDropoutDev_BaselineLanguage_Fast_SaveLast_NoFinePOS.py	Spanish	Spanish	REAL_REAL	2	0.220994598061	1.56855173054	4031663	4.3686979697
yWithMorphologySequentialStreamDropoutDev_BaselineLanguage_Fast_SaveLast_NoFinePOS.py	Spanish	Spanish	REAL_REAL	3	0.113343197829	1.56855173054	4031663	4.3686979697
yWithMorphologySequentialStreamDropoutDev_BaselineLanguage_Fast_SaveLast_NoFinePOS.py	Spanish	Spanish	REAL_REAL	4	0.0586688142978	1.56855173054	4031663	4.3686979697
yWithMorphologySequentialStreamDropoutDev_BaselineLanguage_Fast_SaveLast_NoFinePOS.py	Spanish	Spanish	REAL_REAL	5	0.0332102187013	1.56855173054	4031663	4.3686979697
yWithMorphologySequentialStreamDropoutDev_BaselineLanguage_Fast_SaveLast_NoFinePOS.py	Spanish	Spanish	REAL_REAL	6	0.0220555985793	1.56855173054	4031663	4.3686979697
yWithMorphologySequentialStreamDropoutDev_BaselineLanguage_Fast_SaveLast_NoFinePOS.py	Spanish	Spanish	REAL_REAL	7	0.0156928826286	1.56855173054	4031663	4.3686979697
yWithMorphologySequentialStreamDropoutDev_BaselineLanguage_Fast_SaveLast_NoFinePOS.py	Spanish	Spanish	REAL_REAL	8	0.01038281865	1.56855173054	4031663	4.3686979697
yWithMorphologySequentialStreamDropoutDev_BaselineLanguage_Fast_SaveLast_NoFinePOS.py	Spanish	Spanish	REAL_REAL	9	0.00736400081756	1.56855173054	4031663	4.3686979697
yWithMorphologySequentialStreamDropoutDev_BaselineLanguage_Fast_SaveLast_NoFinePOS.py	Spanish	Spanish	REAL_REAL	10	0.00441463230717	1.56855173054	4031663	4.3686979697
yWithMorphologySequentialStreamDropoutDev_BaselineLanguage_Fast_SaveLast_NoFinePOS.py	Spanish	Spanish	REAL_REAL	11	0.00389194006907	1.56855173054	4031663	4.3686979697
yWithMorphologySequentialStreamDropoutDev_BaselineLanguage_Fast_SaveLast_NoFinePOS.py	Spanish	Spanish	REAL_REAL	12	0.00278190913903	1.56855173054	4031663	4.3686979697
yWithMorphologySequentialStreamDropoutDev_BaselineLanguage_Fast_SaveLast_NoFinePOS.py	Spanish	Spanish	REAL_REAL	13	0.00189403614546	1.56855173054	4031663	4.3686979697
yWithMorphologySequentialStreamDropoutDev_BaselineLanguage_Fast_SaveLast_NoFinePOS.py	Spanish	Spanish	REAL_REAL	14	0.00174466846656	1.56855173054	4031663	4.3686979697
yWithMorphologySequentialStreamDropoutDev_BaselineLanguage_Fast_SaveLast_NoFinePOS.py	Spanish	Spanish	REAL_REAL	15	0.00137259934759	1.56855173054	4031663	4.3686979697
yWithMorphologySequentialStreamDropoutDev_BaselineLanguage_Fast_SaveLast_NoFinePOS.py	Spanish	Spanish	REAL_REAL	16	0.00092474292279	1.56855173054	4031663	4.3686979697
yWithMorphologySequentialStreamDropoutDev_BaselineLanguage_Fast_SaveLast_NoFinePOS.py	Spanish	Spanish	REAL_REAL	17	0.000720507050415	1.56855173054	4031663	4.3686979697
yWithMorphologySequentialStreamDropoutDev_BaselineLanguage_Fast_SaveLast_NoFinePOS.py	Spanish	Spanish	REAL_REAL	18	0.000431023764415	1.56855173054	4031663	4.3686979697
yWithMorphologySequentialStreamDropoutDev_BaselineLanguage_Fast_SaveLast_NoFinePOS.py	Spanish	Spanish	REAL_REAL	19	0.000573679978881	1.56855173054	4031663	4.3686979697
yWithMorphologySequentialStreamDropoutDev_BaselineLanguage_Fast_SaveLast_NoFinePOS.py	Spanish	Spanish	REAL_REAL	1	1.0796724731	1.60345318796	4668733	4.36890371361
yWithMorphologySequentialStreamDropoutDev_BaselineLanguage_Fast_SaveLast_NoFinePOS.py	Spanish	Spanish	REAL_REAL	2	0.22816300496	1.60345318796	4668733	4.36890371361
yWithMorphologySequentialStreamDropoutDev_BaselineLanguage_Fast_SaveLast_NoFinePOS.py	Spanish	Spanish	REAL_REAL	3	0.116684546537	1.60345318796	4668733	4.36890371361
yWithMorphologySequentialStreamDropoutDev_BaselineLanguage_Fast_SaveLast_NoFinePOS.py	Spanish	Spanish	REAL_REAL	4	0.0637912871345	1.60345318796	4668733	4.36890371361
yWithMorphologySequentialStreamDropoutDev_BaselineLanguage_Fast_SaveLast_NoFinePOS.py	Spanish	Spanish	REAL_REAL	5	0.0359270006325	1.60345318796	4668733	4.36890371361
yWithMorphologySequentialStreamDropoutDev_BaselineLanguage_Fast_SaveLast_NoFinePOS.py	Spanish	Spanish	REAL_REAL	6	0.0240023135849	1.60345318796	4668733	4.36890371361
yWithMorphologySequentialStreamDropoutDev_BaselineLanguage_Fast_SaveLast_NoFinePOS.py	Spanish	Spanish	REAL_REAL	7	0.0165121222663	1.60345318796	4668733	4.36890371361
yWithMorphologySequentialStreamDropoutDev_BaselineLanguage_Fast_SaveLast_NoFinePOS.py	Spanish	Spanish	REAL_REAL	8	0.0106175143817	1.60345318796	4668733	4.36890371361
yWithMorphologySequentialStreamDropoutDev_BaselineLanguage_Fast_SaveLast_NoFinePOS.py	Spanish	Spanish	REAL_REAL	9	0.00756432201911	1.60345318796	4668733	4.36890371361
yWithMorphologySequentialStreamDropoutDev_BaselineLanguage_Fast_SaveLast_NoFinePOS.py	Spanish	Spanish	REAL_REAL	10	0.00499975099301	1.60345318796	4668733	4.36890371361
yWithMorphologySequentialStreamDropoutDev_BaselineLanguage_Fast_SaveLast_NoFinePOS.py	Spanish	Spanish	REAL_REAL	11	0.00361721318598	1.60345318796	4668733	4.36890371361
yWithMorphologySequentialStreamDropoutDev_BaselineLanguage_Fast_SaveLast_NoFinePOS.py	Spanish	Spanish	REAL_REAL	12	0.00340723205137	1.60345318796	4668733	4.36890371361
yWithMorphologySequentialStreamDropoutDev_BaselineLanguage_Fast_SaveLast_NoFinePOS.py	Spanish	Spanish	REAL_REAL	13	0.00211673287379	1.60345318796	4668733	4.36890371361
yWithMorphologySequentialStreamDropoutDev_BaselineLanguage_Fast_SaveLast_NoFinePOS.py	Spanish	Spanish	REAL_REAL	14	0.00179830321177	1.60345318796	4668733	4.36890371361
yWithMorphologySequentialStreamDropoutDev_BaselineLanguage_Fast_SaveLast_NoFinePOS.py	Spanish	Spanish	REAL_REAL	15	0.00157919363626	1.60345318796	4668733	4.36890371361
yWithMorphologySequentialStreamDropoutDev_BaselineLanguage_Fast_SaveLast_NoFinePOS.py	Spanish	Spanish	REAL_REAL	16	0.000854256078369	1.60345318796	4668733	4.36890371361
yWithMorphologySequentialStreamDropoutDev_BaselineLanguage_Fast_SaveLast_NoFinePOS.py	Spanish	Spanish	REAL_REAL	17	0.000840910545019	1.60345318796	4668733	4.36890371361
yWithMorphologySequentialStreamDropoutDev_BaselineLanguage_Fast_SaveLast_NoFinePOS.py	Spanish	Spanish	REAL_REAL	18	0.000600975552266	1.60345318796	4668733	4.36890371361
yWithMorphologySequentialStreamDropoutDev_BaselineLanguage_Fast_SaveLast_NoFinePOS.py	Spanish	Spanish	REAL_REAL	19	0.000704035215149	1.60345318796	4668733	4.36890371361
yWithMorphologySequentialStreamDropoutDev_BaselineLanguage_Fast_SaveLast_NoFinePOS.py	Spanish	Spanish	REAL_REAL	1	1.06467050671	1.55170501092	347703	4.37311735374
yWithMorphologySequentialStreamDropoutDev_BaselineLanguage_Fast_SaveLast_NoFinePOS.py	Spanish	Spanish	REAL_REAL	2	0.218656029662	1.55170501092	347703	4.37311735374
yWithMorphologySequentialStreamDropoutDev_BaselineLanguage_Fast_SaveLast_NoFinePOS.py	Spanish	Spanish	REAL_REAL	3	0.112747254593	1.55170501092	347703	4.37311735374
yWithMorphologySequentialStreamDropoutDev_BaselineLanguage_Fast_SaveLast_NoFinePOS.py	Spanish	Spanish	REAL_REAL	4	0.0557417571255	1.55170501092	347703	4.37311735374
yWithMorphologySequentialStreamDropoutDev_BaselineLanguage_Fast_SaveLast_NoFinePOS.py	Spanish	Spanish	REAL_REAL	5	0.0314383787158	1.55170501092	347703	4.37311735374
yWithMorphologySequentialStreamDropoutDev_BaselineLanguage_Fast_SaveLast_NoFinePOS.py	Spanish	Spanish	REAL_REAL	6	0.0213369188244	1.55170501092	347703	4.37311735374
yWithMorphologySequentialStreamDropoutDev_BaselineLanguage_Fast_SaveLast_NoFinePOS.py	Spanish	Spanish	REAL_REAL	7	0.0147700687215	1.55170501092	347703	4.37311735374
yWithMorphologySequentialStreamDropoutDev_BaselineLanguage_Fast_SaveLast_NoFinePOS.py	Spanish	Spanish	REAL_REAL	8	0.00891743188382	1.55170501092	347703	4.37311735374
yWithMorphologySequentialStreamDropoutDev_BaselineLanguage_Fast_SaveLast_NoFinePOS.py	Spanish	Spanish	REAL_REAL	9	0.00624482215867	1.55170501092	347703	4.37311735374
yWithMorphologySequentialStreamDropoutDev_BaselineLanguage_Fast_SaveLast_NoFinePOS.py	Spanish	Spanish	REAL_REAL	10	0.00433700850866	1.55170501092	347703	4.37311735374
yWithMorphologySequentialStreamDropoutDev_BaselineLanguage_Fast_SaveLast_NoFinePOS.py	Spanish	Spanish	REAL_REAL	11	0.00307839803653	1.55170501092	347703	4.37311735374
yWithMorphologySequentialStreamDropoutDev_BaselineLanguage_Fast_SaveLast_NoFinePOS.py	Spanish	Spanish	REAL_REAL	12	0.00275388013606	1.55170501092	347703	4.37311735374
yWithMorphologySequentialStreamDropoutDev_BaselineLanguage_Fast_SaveLast_NoFinePOS.py	Spanish	Spanish	REAL_REAL	13	0.00159760942317	1.55170501092	347703	4.37311735374
yWithMorphologySequentialStreamDropoutDev_BaselineLanguage_Fast_SaveLast_NoFinePOS.py	Spanish	Spanish	REAL_REAL	14	0.00153557513478	1.55170501092	347703	4.37311735374
yWithMorphologySequentialStreamDropoutDev_BaselineLanguage_Fast_SaveLast_NoFinePOS.py	Spanish	Spanish	REAL_REAL	15	0.00139877447319	1.55170501092	347703	4.37311735374
yWithMorphologySequentialStreamDropoutDev_BaselineLanguage_Fast_SaveLast_NoFinePOS.py	Spanish	Spanish	REAL_REAL	16	0.000857047597382	1.55170501092	347703	4.37311735374
yWithMorphologySequentialStreamDropoutDev_BaselineLanguage_Fast_SaveLast_NoFinePOS.py	Spanish	Spanish	REAL_REAL	17	0.000702178744001	1.55170501092	347703	4.37311735374
yWithMorphologySequentialStreamDropoutDev_BaselineLanguage_Fast_SaveLast_NoFinePOS.py	Spanish	Spanish	REAL_REAL	18	0.000445265665279	1.55170501092	347703	4.37311735374
yWithMorphologySequentialStreamDropoutDev_BaselineLanguage_Fast_SaveLast_NoFinePOS.py	Spanish	Spanish	REAL_REAL	19	0.000476104807909	1.55170501092	347703	4.37311735374
yWithMorphologySequentialStreamDropoutDev_BaselineLanguage_Fast_SaveLast_NoFinePOS.py	Spanish	Spanish	REAL_REAL	1	1.07701048409	1.59758262325	7107685	4.36264467219
yWithMorphologySequentialStreamDropoutDev_BaselineLanguage_Fast_SaveLast_NoFinePOS.py	Spanish	Spanish	REAL_REAL	2	0.224529019508	1.59758262325	7107685	4.36264467219
yWithMorphologySequentialStreamDropoutDev_BaselineLanguage_Fast_SaveLast_NoFinePOS.py	Spanish	Spanish	REAL_REAL	3	0.118135812022	1.59758262325	7107685	4.36264467219
yWithMorphologySequentialStreamDropoutDev_BaselineLanguage_Fast_SaveLast_NoFinePOS.py	Spanish	Spanish	REAL_REAL	4	0.0614494373239	1.59758262325	7107685	4.36264467219
yWithMorphologySequentialStreamDropoutDev_BaselineLanguage_Fast_SaveLast_NoFinePOS.py	Spanish	Spanish	REAL_REAL	5	0.0355560157413	1.59758262325	7107685	4.36264467219
yWithMorphologySequentialStreamDropoutDev_BaselineLanguage_Fast_SaveLast_NoFinePOS.py	Spanish	Spanish	REAL_REAL	6	0.0229699305923	1.59758262325	7107685	4.36264467219
yWithMorphologySequentialStreamDropoutDev_BaselineLanguage_Fast_SaveLast_NoFinePOS.py	Spanish	Spanish	REAL_REAL	7	0.0167462577771	1.59758262325	7107685	4.36264467219
yWithMorphologySequentialStreamDropoutDev_BaselineLanguage_Fast_SaveLast_NoFinePOS.py	Spanish	Spanish	REAL_REAL	8	0.0109811266623	1.59758262325	7107685	4.36264467219
yWithMorphologySequentialStreamDropoutDev_BaselineLanguage_Fast_SaveLast_NoFinePOS.py	Spanish	Spanish	REAL_REAL	9	0.00777817860455	1.59758262325	7107685	4.36264467219
yWithMorphologySequentialStreamDropoutDev_BaselineLanguage_Fast_SaveLast_NoFinePOS.py	Spanish	Spanish	REAL_REAL	10	0.00503610288637	1.59758262325	7107685	4.36264467219
yWithMorphologySequentialStreamDropoutDev_BaselineLanguage_Fast_SaveLast_NoFinePOS.py	Spanish	Spanish	REAL_REAL	11	0.00410888115426	1.59758262325	7107685	4.36264467219
yWithMorphologySequentialStreamDropoutDev_BaselineLanguage_Fast_SaveLast_NoFinePOS.py	Spanish	Spanish	REAL_REAL	12	0.0033597324705	1.59758262325	7107685	4.36264467219
yWithMorphologySequentialStreamDropoutDev_BaselineLanguage_Fast_SaveLast_NoFinePOS.py	Spanish	Spanish	REAL_REAL	13	0.00294076497565	1.59758262325	7107685	4.36264467219
yWithMorphologySequentialStreamDropoutDev_BaselineLanguage_Fast_SaveLast_NoFinePOS.py	Spanish	Spanish	REAL_REAL	14	0.0018402952933	1.59758262325	7107685	4.36264467219
yWithMorphologySequentialStreamDropoutDev_BaselineLanguage_Fast_SaveLast_NoFinePOS.py	Spanish	Spanish	REAL_REAL	15	0.00166458579656	1.59758262325	7107685	4.36264467219
yWithMorphologySequentialStreamDropoutDev_BaselineLanguage_Fast_SaveLast_NoFinePOS.py	Spanish	Spanish	REAL_REAL	16	0.000880808769682	1.59758262325	7107685	4.36264467219
yWithMorphologySequentialStreamDropoutDev_BaselineLanguage_Fast_SaveLast_NoFinePOS.py	Spanish	Spanish	REAL_REAL	17	0.00104981733376	1.59758262325	7107685	4.36264467219
yWithMorphologySequentialStreamDropoutDev_BaselineLanguage_Fast_SaveLast_NoFinePOS.py	Spanish	Spanish	REAL_REAL	18	0.000789296369408	1.59758262325	7107685	4.36264467219
yWithMorphologySequentialStreamDropoutDev_BaselineLanguage_Fast_SaveLast_NoFinePOS.py	Spanish	Spanish	REAL_REAL	19	0.000756075878474	1.59758262325	7107685	4.36264467219
yWithMorphologySequentialStreamDropoutDev_BaselineLanguage_Fast_SaveLast_NoFinePOS.py	Spanish	Spanish	REAL_REAL	1	1.07303550231	1.58548774501	2361748	4.36082942844
yWithMorphologySequentialStreamDropoutDev_BaselineLanguage_Fast_SaveLast_NoFinePOS.py	Spanish	Spanish	REAL_REAL	2	0.223767382519	1.58548774501	2361748	4.36082942844
yWithMorphologySequentialStreamDropoutDev_BaselineLanguage_Fast_SaveLast_NoFinePOS.py	Spanish	Spanish	REAL_REAL	3	0.116063576888	1.58548774501	2361748	4.36082942844
yWithMorphologySequentialStreamDropoutDev_BaselineLanguage_Fast_SaveLast_NoFinePOS.py	Spanish	Spanish	REAL_REAL	4	0.0612693967478	1.58548774501	2361748	4.36082942844
yWithMorphologySequentialStreamDropoutDev_BaselineLanguage_Fast_SaveLast_NoFinePOS.py	Spanish	Spanish	REAL_REAL	5	0.0353469986503	1.58548774501	2361748	4.36082942844
yWithMorphologySequentialStreamDropoutDev_BaselineLanguage_Fast_SaveLast_NoFinePOS.py	Spanish	Spanish	REAL_REAL	6	0.0227034644476	1.58548774501	2361748	4.36082942844
yWithMorphologySequentialStreamDropoutDev_BaselineLanguage_Fast_SaveLast_NoFinePOS.py	Spanish	Spanish	REAL_REAL	7	0.0159439346768	1.58548774501	2361748	4.36082942844
yWithMorphologySequentialStreamDropoutDev_BaselineLanguage_Fast_SaveLast_NoFinePOS.py	Spanish	Spanish	REAL_REAL	8	0.0104912240987	1.58548774501	2361748	4.36082942844
yWithMorphologySequentialStreamDropoutDev_BaselineLanguage_Fast_SaveLast_NoFinePOS.py	Spanish	Spanish	REAL_REAL	9	0.00725227946595	1.58548774501	2361748	4.36082942844
yWithMorphologySequentialStreamDropoutDev_BaselineLanguage_Fast_SaveLast_NoFinePOS.py	Spanish	Spanish	REAL_REAL	10	0.00444106891101	1.58548774501	2361748	4.36082942844
yWithMorphologySequentialStreamDropoutDev_BaselineLanguage_Fast_SaveLast_NoFinePOS.py	Spanish	Spanish	REAL_REAL	11	0.00391235038917	1.58548774501	2361748	4.36082942844
yWithMorphologySequentialStreamDropoutDev_BaselineLanguage_Fast_SaveLast_NoFinePOS.py	Spanish	Spanish	REAL_REAL	12	0.00294670423731	1.58548774501	2361748	4.36082942844
yWithMorphologySequentialStreamDropoutDev_BaselineLanguage_Fast_SaveLast_NoFinePOS.py	Spanish	Spanish	REAL_REAL	13	0.00207434183225	1.58548774501	2361748	4.36082942844
yWithMorphologySequentialStreamDropoutDev_BaselineLanguage_Fast_SaveLast_NoFinePOS.py	Spanish	Spanish	REAL_REAL	14	0.00179182797833	1.58548774501	2361748	4.36082942844
yWithMorphologySequentialStreamDropoutDev_BaselineLanguage_Fast_SaveLast_NoFinePOS.py	Spanish	Spanish	REAL_REAL	15	0.00170013312007	1.58548774501	2361748	4.36082942844
yWithMorphologySequentialStreamDropoutDev_BaselineLanguage_Fast_SaveLast_NoFinePOS.py	Spanish	Spanish	REAL_REAL	16	0.000743612490385	1.58548774501	2361748	4.36082942844
yWithMorphologySequentialStreamDropoutDev_BaselineLanguage_Fast_SaveLast_NoFinePOS.py	Spanish	Spanish	REAL_REAL	17	0.000780507202646	1.58548774501	2361748	4.36082942844
yWithMorphologySequentialStreamDropoutDev_BaselineLanguage_Fast_SaveLast_NoFinePOS.py	Spanish	Spanish	REAL_REAL	18	0.000567830797296	1.58548774501	2361748	4.36082942844
yWithMorphologySequentialStreamDropoutDev_BaselineLanguage_Fast_SaveLast_NoFinePOS.py	Spanish	Spanish	REAL_REAL	19	0.000655608251691	1.58548774501	2361748	4.36082942844
yWithMorphologySequentialStreamDropoutDev_BaselineLanguage_Fast_SaveLast_NoFinePOS.py	Spanish	Spanish	REAL_REAL	1	1.07746885006	1.60130955494	7201496	4.3554264472
yWithMorphologySequentialStreamDropoutDev_BaselineLanguage_Fast_SaveLast_NoFinePOS.py	Spanish	Spanish	REAL_REAL	2	0.226485703396	1.60130955494	7201496	4.3554264472
yWithMorphologySequentialStreamDropoutDev_BaselineLanguage_Fast_SaveLast_NoFinePOS.py	Spanish	Spanish	REAL_REAL	3	0.117608294976	1.60130955494	7201496	4.3554264472
yWithMorphologySequentialStreamDropoutDev_BaselineLanguage_Fast_SaveLast_NoFinePOS.py	Spanish	Spanish	REAL_REAL	4	0.0626913805919	1.60130955494	7201496	4.3554264472
yWithMorphologySequentialStreamDropoutDev_BaselineLanguage_Fast_SaveLast_NoFinePOS.py	Spanish	Spanish	REAL_REAL	5	0.0360599711909	1.60130955494	7201496	4.3554264472
yWithMorphologySequentialStreamDropoutDev_BaselineLanguage_Fast_SaveLast_NoFinePOS.py	Spanish	Spanish	REAL_REAL	6	0.0244241508008	1.60130955494	7201496	4.3554264472
yWithMorphologySequentialStreamDropoutDev_BaselineLanguage_Fast_SaveLast_NoFinePOS.py	Spanish	Spanish	REAL_REAL	7	0.0166526015012	1.60130955494	7201496	4.3554264472
yWithMorphologySequentialStreamDropoutDev_BaselineLanguage_Fast_SaveLast_NoFinePOS.py	Spanish	Spanish	REAL_REAL	8	0.0105966073911	1.60130955494	7201496	4.3554264472
yWithMorphologySequentialStreamDropoutDev_BaselineLanguage_Fast_SaveLast_NoFinePOS.py	Spanish	Spanish	REAL_REAL	9	0.00802120586677	1.60130955494	7201496	4.3554264472
yWithMorphologySequentialStreamDropoutDev_BaselineLanguage_Fast_SaveLast_NoFinePOS.py	Spanish	Spanish	REAL_REAL	10	0.00484477703654	1.60130955494	7201496	4.3554264472
yWithMorphologySequentialStreamDropoutDev_BaselineLanguage_Fast_SaveLast_NoFinePOS.py	Spanish	Spanish	REAL_REAL	11	0.00397521870159	1.60130955494	7201496	4.3554264472
yWithMorphologySequentialStreamDropoutDev_BaselineLanguage_Fast_SaveLast_NoFinePOS.py	Spanish	Spanish	REAL_REAL	12	0.00307951941274	1.60130955494	7201496	4.3554264472
yWithMorphologySequentialStreamDropoutDev_BaselineLanguage_Fast_SaveLast_NoFinePOS.py	Spanish	Spanish	REAL_REAL	13	0.00246025388045	1.60130955494	7201496	4.3554264472
yWithMorphologySequentialStreamDropoutDev_BaselineLanguage_Fast_SaveLast_NoFinePOS.py	Spanish	Spanish	REAL_REAL	14	0.00154161432358	1.60130955494	7201496	4.3554264472
yWithMorphologySequentialStreamDropoutDev_BaselineLanguage_Fast_SaveLast_NoFinePOS.py	Spanish	Spanish	REAL_REAL	15	0.00157248127823	1.60130955494	7201496	4.3554264472
yWithMorphologySequentialStreamDropoutDev_BaselineLanguage_Fast_SaveLast_NoFinePOS.py	Spanish	Spanish	REAL_REAL	16	0.0012067066581	1.60130955494	7201496	4.3554264472
yWithMorphologySequentialStreamDropoutDev_BaselineLanguage_Fast_SaveLast_NoFinePOS.py	Spanish	Spanish	REAL_REAL	17	0.00121191571063	1.60130955494	7201496	4.3554264472
yWithMorphologySequentialStreamDropoutDev_BaselineLanguage_Fast_SaveLast_NoFinePOS.py	Spanish	Spanish	REAL_REAL	18	0.000717137252616	1.60130955494	7201496	4.3554264472
yWithMorphologySequentialStreamDropoutDev_BaselineLanguage_Fast_SaveLast_NoFinePOS.py	Spanish	Spanish	REAL_REAL	19	0.000691164911629	1.60130955494	7201496	4.3554264472
yWithMorphologySequentialStreamDropoutDev_BaselineLanguage_Fast_SaveLast_NoFinePOS.py	Spanish	Spanish	REAL_REAL	1	1.08332316143	1.60727803846	8965104	4.36534551281
yWithMorphologySequentialStreamDropoutDev_BaselineLanguage_Fast_SaveLast_NoFinePOS.py	Spanish	Spanish	REAL_REAL	2	0.228224643016	1.60727803846	8965104	4.36534551281
yWithMorphologySequentialStreamDropoutDev_BaselineLanguage_Fast_SaveLast_NoFinePOS.py	Spanish	Spanish	REAL_REAL	3	0.116470478852	1.60727803846	8965104	4.36534551281
yWithMorphologySequentialStreamDropoutDev_BaselineLanguage_Fast_SaveLast_NoFinePOS.py	Spanish	Spanish	REAL_REAL	4	0.0627311498182	1.60727803846	8965104	4.36534551281
yWithMorphologySequentialStreamDropoutDev_BaselineLanguage_Fast_SaveLast_NoFinePOS.py	Spanish	Spanish	REAL_REAL	5	0.0363168914765	1.60727803846	8965104	4.36534551281
yWithMorphologySequentialStreamDropoutDev_BaselineLanguage_Fast_SaveLast_NoFinePOS.py	Spanish	Spanish	REAL_REAL	6	0.0238850813858	1.60727803846	8965104	4.36534551281
yWithMorphologySequentialStreamDropoutDev_BaselineLanguage_Fast_SaveLast_NoFinePOS.py	Spanish	Spanish	REAL_REAL	7	0.0164630972951	1.60727803846	8965104	4.36534551281
yWithMorphologySequentialStreamDropoutDev_BaselineLanguage_Fast_SaveLast_NoFinePOS.py	Spanish	Spanish	REAL_REAL	8	0.010474578637	1.60727803846	8965104	4.36534551281
yWithMorphologySequentialStreamDropoutDev_BaselineLanguage_Fast_SaveLast_NoFinePOS.py	Spanish	Spanish	REAL_REAL	9	0.00797970683497	1.60727803846	8965104	4.36534551281
yWithMorphologySequentialStreamDropoutDev_BaselineLanguage_Fast_SaveLast_NoFinePOS.py	Spanish	Spanish	REAL_REAL	10	0.00460691172688	1.60727803846	8965104	4.36534551281
yWithMorphologySequentialStreamDropoutDev_BaselineLanguage_Fast_SaveLast_NoFinePOS.py	Spanish	Spanish	REAL_REAL	11	0.00373949019407	1.60727803846	8965104	4.36534551281
yWithMorphologySequentialStreamDropoutDev_BaselineLanguage_Fast_SaveLast_NoFinePOS.py	Spanish	Spanish	REAL_REAL	12	0.00333438665719	1.60727803846	8965104	4.36534551281
yWithMorphologySequentialStreamDropoutDev_BaselineLanguage_Fast_SaveLast_NoFinePOS.py	Spanish	Spanish	REAL_REAL	13	0.00259315547449	1.60727803846	8965104	4.36534551281
yWithMorphologySequentialStreamDropoutDev_BaselineLanguage_Fast_SaveLast_NoFinePOS.py	Spanish	Spanish	REAL_REAL	14	0.00199033525363	1.60727803846	8965104	4.36534551281
yWithMorphologySequentialStreamDropoutDev_BaselineLanguage_Fast_SaveLast_NoFinePOS.py	Spanish	Spanish	REAL_REAL	15	0.00143470739325	1.60727803846	8965104	4.36534551281
yWithMorphologySequentialStreamDropoutDev_BaselineLanguage_Fast_SaveLast_NoFinePOS.py	Spanish	Spanish	REAL_REAL	16	0.00109275878984	1.60727803846	8965104	4.36534551281
yWithMorphologySequentialStreamDropoutDev_BaselineLanguage_Fast_SaveLast_NoFinePOS.py	Spanish	Spanish	REAL_REAL	17	0.00105900409692	1.60727803846	8965104	4.36534551281
yWithMorphologySequentialStreamDropoutDev_BaselineLanguage_Fast_SaveLast_NoFinePOS.py	Spanish	Spanish	REAL_REAL	18	0.00077690115065	1.60727803846	8965104	4.36534551281
yWithMorphologySequentialStreamDropoutDev_BaselineLanguage_Fast_SaveLast_NoFinePOS.py	Spanish	Spanish	REAL_REAL	19	0.000781598979624	1.60727803846	8965104	4.36534551281
yWithMorphologySequentialStreamDropoutDev_BaselineLanguage_Fast_SaveLast_NoFinePOS.py	Spanish	Spanish	REAL_REAL	1	1.07498459332	1.59844209705	7991557	4.36987750026
yWithMorphologySequentialStreamDropoutDev_BaselineLanguage_Fast_SaveLast_NoFinePOS.py	Spanish	Spanish	REAL_REAL	2	0.227496032165	1.59844209705	7991557	4.36987750026
yWithMorphologySequentialStreamDropoutDev_BaselineLanguage_Fast_SaveLast_NoFinePOS.py	Spanish	Spanish	REAL_REAL	3	0.11919804059	1.59844209705	7991557	4.36987750026
yWithMorphologySequentialStreamDropoutDev_BaselineLanguage_Fast_SaveLast_NoFinePOS.py	Spanish	Spanish	REAL_REAL	4	0.0636885168489	1.59844209705	7991557	4.36987750026
yWithMorphologySequentialStreamDropoutDev_BaselineLanguage_Fast_SaveLast_NoFinePOS.py	Spanish	Spanish	REAL_REAL	5	0.0350605043179	1.59844209705	7991557	4.36987750026
yWithMorphologySequentialStreamDropoutDev_BaselineLanguage_Fast_SaveLast_NoFinePOS.py	Spanish	Spanish	REAL_REAL	6	0.0235703177982	1.59844209705	7991557	4.36987750026
yWithMorphologySequentialStreamDropoutDev_BaselineLanguage_Fast_SaveLast_NoFinePOS.py	Spanish	Spanish	REAL_REAL	7	0.0169580014382	1.59844209705	7991557	4.36987750026
yWithMorphologySequentialStreamDropoutDev_BaselineLanguage_Fast_SaveLast_NoFinePOS.py	Spanish	Spanish	REAL_REAL	8	0.00955631726674	1.59844209705	7991557	4.36987750026
yWithMorphologySequentialStreamDropoutDev_BaselineLanguage_Fast_SaveLast_NoFinePOS.py	Spanish	Spanish	REAL_REAL	9	0.00707809494176	1.59844209705	7991557	4.36987750026
yWithMorphologySequentialStreamDropoutDev_BaselineLanguage_Fast_SaveLast_NoFinePOS.py	Spanish	Spanish	REAL_REAL	10	0.00435205917469	1.59844209705	7991557	4.36987750026
yWithMorphologySequentialStreamDropoutDev_BaselineLanguage_Fast_SaveLast_NoFinePOS.py	Spanish	Spanish	REAL_REAL	11	0.00426605686754	1.59844209705	7991557	4.36987750026
yWithMorphologySequentialStreamDropoutDev_BaselineLanguage_Fast_SaveLast_NoFinePOS.py	Spanish	Spanish	REAL_REAL	12	0.00291664848493	1.59844209705	7991557	4.36987750026
yWithMorphologySequentialStreamDropoutDev_BaselineLanguage_Fast_SaveLast_NoFinePOS.py	Spanish	Spanish	REAL_REAL	13	0.00224174717528	1.59844209705	7991557	4.36987750026
yWithMorphologySequentialStreamDropoutDev_BaselineLanguage_Fast_SaveLast_NoFinePOS.py	Spanish	Spanish	REAL_REAL	14	0.00203381181692	1.59844209705	7991557	4.36987750026
yWithMorphologySequentialStreamDropoutDev_BaselineLanguage_Fast_SaveLast_NoFinePOS.py	Spanish	Spanish	REAL_REAL	15	0.00164651348491	1.59844209705	7991557	4.36987750026
yWithMorphologySequentialStreamDropoutDev_BaselineLanguage_Fast_SaveLast_NoFinePOS.py	Spanish	Spanish	REAL_REAL	16	0.000911657881235	1.59844209705	7991557	4.36987750026
yWithMorphologySequentialStreamDropoutDev_BaselineLanguage_Fast_SaveLast_NoFinePOS.py	Spanish	Spanish	REAL_REAL	17	0.000983994535383	1.59844209705	7991557	4.36987750026
yWithMorphologySequentialStreamDropoutDev_BaselineLanguage_Fast_SaveLast_NoFinePOS.py	Spanish	Spanish	REAL_REAL	18	0.000737433841109	1.59844209705	7991557	4.36987750026
yWithMorphologySequentialStreamDropoutDev_BaselineLanguage_Fast_SaveLast_NoFinePOS.py	Spanish	Spanish	REAL_REAL	19	0.000761755100942	1.59844209705	7991557	4.36987750026
yWithMorphologySequentialStreamDropoutDev_BaselineLanguage_Fast_SaveLast_NoFinePOS.py	Spanish	Spanish	REAL_REAL	1	1.06322922051	1.56077436532	5589675	4.36225148319
yWithMorphologySequentialStreamDropoutDev_BaselineLanguage_Fast_SaveLast_NoFinePOS.py	Spanish	Spanish	REAL_REAL	2	0.223253611696	1.56077436532	5589675	4.36225148319
yWithMorphologySequentialStreamDropoutDev_BaselineLanguage_Fast_SaveLast_NoFinePOS.py	Spanish	Spanish	REAL_REAL	3	0.111978012111	1.56077436532	5589675	4.36225148319
yWithMorphologySequentialStreamDropoutDev_BaselineLanguage_Fast_SaveLast_NoFinePOS.py	Spanish	Spanish	REAL_REAL	4	0.0577320227185	1.56077436532	5589675	4.36225148319
yWithMorphologySequentialStreamDropoutDev_BaselineLanguage_Fast_SaveLast_NoFinePOS.py	Spanish	Spanish	REAL_REAL	5	0.0324421231388	1.56077436532	5589675	4.36225148319
yWithMorphologySequentialStreamDropoutDev_BaselineLanguage_Fast_SaveLast_NoFinePOS.py	Spanish	Spanish	REAL_REAL	6	0.0225027583284	1.56077436532	5589675	4.36225148319
yWithMorphologySequentialStreamDropoutDev_BaselineLanguage_Fast_SaveLast_NoFinePOS.py	Spanish	Spanish	REAL_REAL	7	0.0144594800354	1.56077436532	5589675	4.36225148319
yWithMorphologySequentialStreamDropoutDev_BaselineLanguage_Fast_SaveLast_NoFinePOS.py	Spanish	Spanish	REAL_REAL	8	0.00956520871651	1.56077436532	5589675	4.36225148319
yWithMorphologySequentialStreamDropoutDev_BaselineLanguage_Fast_SaveLast_NoFinePOS.py	Spanish	Spanish	REAL_REAL	9	0.0068722321794	1.56077436532	5589675	4.36225148319
yWithMorphologySequentialStreamDropoutDev_BaselineLanguage_Fast_SaveLast_NoFinePOS.py	Spanish	Spanish	REAL_REAL	10	0.00431908006168	1.56077436532	5589675	4.36225148319
yWithMorphologySequentialStreamDropoutDev_BaselineLanguage_Fast_SaveLast_NoFinePOS.py	Spanish	Spanish	REAL_REAL	11	0.00344475994693	1.56077436532	5589675	4.36225148319
yWithMorphologySequentialStreamDropoutDev_BaselineLanguage_Fast_SaveLast_NoFinePOS.py	Spanish	Spanish	REAL_REAL	12	0.00308710228756	1.56077436532	5589675	4.36225148319
yWithMorphologySequentialStreamDropoutDev_BaselineLanguage_Fast_SaveLast_NoFinePOS.py	Spanish	Spanish	REAL_REAL	13	0.00196839212745	1.56077436532	5589675	4.36225148319
yWithMorphologySequentialStreamDropoutDev_BaselineLanguage_Fast_SaveLast_NoFinePOS.py	Spanish	Spanish	REAL_REAL	14	0.00161784117885	1.56077436532	5589675	4.36225148319
yWithMorphologySequentialStreamDropoutDev_BaselineLanguage_Fast_SaveLast_NoFinePOS.py	Spanish	Spanish	REAL_REAL	15	0.00142063336255	1.56077436532	5589675	4.36225148319
yWithMorphologySequentialStreamDropoutDev_BaselineLanguage_Fast_SaveLast_NoFinePOS.py	Spanish	Spanish	REAL_REAL	16	0.00085456339741	1.56077436532	5589675	4.36225148319
yWithMorphologySequentialStreamDropoutDev_BaselineLanguage_Fast_SaveLast_NoFinePOS.py	Spanish	Spanish	REAL_REAL	17	0.000876913566688	1.56077436532	5589675	4.36225148319
yWithMorphologySequentialStreamDropoutDev_BaselineLanguage_Fast_SaveLast_NoFinePOS.py	Spanish	Spanish	REAL_REAL	18	0.000538014577603	1.56077436532	5589675	4.36225148319
yWithMorphologySequentialStreamDropoutDev_BaselineLanguage_Fast_SaveLast_NoFinePOS.py	Spanish	Spanish	REAL_REAL	19	0.000612395377452	1.56077436532	5589675	4.36225148319
yWithMorphologySequentialStreamDropoutDev_BaselineLanguage_Fast_SaveLast_NoFinePOS.py	Spanish	Spanish	REAL_REAL	1	1.07193546056	1.58681633954	7340990	4.35996708303
yWithMorphologySequentialStreamDropoutDev_BaselineLanguage_Fast_SaveLast_NoFinePOS.py	Spanish	Spanish	REAL_REAL	2	0.223873021365	1.58681633954	7340990	4.35996708303
yWithMorphologySequentialStreamDropoutDev_BaselineLanguage_Fast_SaveLast_NoFinePOS.py	Spanish	Spanish	REAL_REAL	3	0.116218256454	1.58681633954	7340990	4.35996708303
yWithMorphologySequentialStreamDropoutDev_BaselineLanguage_Fast_SaveLast_NoFinePOS.py	Spanish	Spanish	REAL_REAL	4	0.061480232204	1.58681633954	7340990	4.35996708303
yWithMorphologySequentialStreamDropoutDev_BaselineLanguage_Fast_SaveLast_NoFinePOS.py	Spanish	Spanish	REAL_REAL	5	0.0355833260592	1.58681633954	7340990	4.35996708303
yWithMorphologySequentialStreamDropoutDev_BaselineLanguage_Fast_SaveLast_NoFinePOS.py	Spanish	Spanish	REAL_REAL	6	0.0232762544767	1.58681633954	7340990	4.35996708303
yWithMorphologySequentialStreamDropoutDev_BaselineLanguage_Fast_SaveLast_NoFinePOS.py	Spanish	Spanish	REAL_REAL	7	0.0160877111359	1.58681633954	7340990	4.35996708303
yWithMorphologySequentialStreamDropoutDev_BaselineLanguage_Fast_SaveLast_NoFinePOS.py	Spanish	Spanish	REAL_REAL	8	0.0104617097377	1.58681633954	7340990	4.35996708303
yWithMorphologySequentialStreamDropoutDev_BaselineLanguage_Fast_SaveLast_NoFinePOS.py	Spanish	Spanish	REAL_REAL	9	0.00743122578155	1.58681633954	7340990	4.35996708303
yWithMorphologySequentialStreamDropoutDev_BaselineLanguage_Fast_SaveLast_NoFinePOS.py	Spanish	Spanish	REAL_REAL	10	0.00484566604051	1.58681633954	7340990	4.35996708303
yWithMorphologySequentialStreamDropoutDev_BaselineLanguage_Fast_SaveLast_NoFinePOS.py	Spanish	Spanish	REAL_REAL	11	0.00379673966041	1.58681633954	7340990	4.35996708303
yWithMorphologySequentialStreamDropoutDev_BaselineLanguage_Fast_SaveLast_NoFinePOS.py	Spanish	Spanish	REAL_REAL	12	0.00328950736544	1.58681633954	7340990	4.35996708303
yWithMorphologySequentialStreamDropoutDev_BaselineLanguage_Fast_SaveLast_NoFinePOS.py	Spanish	Spanish	REAL_REAL	13	0.00235774374431	1.58681633954	7340990	4.35996708303
yWithMorphologySequentialStreamDropoutDev_BaselineLanguage_Fast_SaveLast_NoFinePOS.py	Spanish	Spanish	REAL_REAL	14	0.00180503213633	1.58681633954	7340990	4.35996708303
yWithMorphologySequentialStreamDropoutDev_BaselineLanguage_Fast_SaveLast_NoFinePOS.py	Spanish	Spanish	REAL_REAL	15	0.00150878676373	1.58681633954	7340990	4.35996708303
yWithMorphologySequentialStreamDropoutDev_BaselineLanguage_Fast_SaveLast_NoFinePOS.py	Spanish	Spanish	REAL_REAL	16	0.000776163467737	1.58681633954	7340990	4.35996708303
yWithMorphologySequentialStreamDropoutDev_BaselineLanguage_Fast_SaveLast_NoFinePOS.py	Spanish	Spanish	REAL_REAL	17	0.000875196567623	1.58681633954	7340990	4.35996708303
yWithMorphologySequentialStreamDropoutDev_BaselineLanguage_Fast_SaveLast_NoFinePOS.py	Spanish	Spanish	REAL_REAL	18	0.000652052322838	1.58681633954	7340990	4.35996708303
yWithMorphologySequentialStreamDropoutDev_BaselineLanguage_Fast_SaveLast_NoFinePOS.py	Spanish	Spanish	REAL_REAL	19	0.000562253689561	1.58681633954	7340990	4.35996708303
yWithMorphologySequentialStreamDropoutDev_BaselineLanguage_Fast_SaveLast_NoFinePOS.py	Spanish	Spanish	RANDOM_BY_TYPE	1	0.984104653594	1.48338745245	8871519	4.36149112009
yWithMorphologySequentialStreamDropoutDev_BaselineLanguage_Fast_SaveLast_NoFinePOS.py	Spanish	Spanish	RANDOM_BY_TYPE	2	0.204112087211	1.48338745245	8871519	4.36149112009
yWithMorphologySequentialStreamDropoutDev_BaselineLanguage_Fast_SaveLast_NoFinePOS.py	Spanish	Spanish	RANDOM_BY_TYPE	3	0.120969802559	1.48338745245	8871519	4.36149112009
yWithMorphologySequentialStreamDropoutDev_BaselineLanguage_Fast_SaveLast_NoFinePOS.py	Spanish	Spanish	RANDOM_BY_TYPE	4	0.0661543848811	1.48338745245	8871519	4.36149112009
yWithMorphologySequentialStreamDropoutDev_BaselineLanguage_Fast_SaveLast_NoFinePOS.py	Spanish	Spanish	RANDOM_BY_TYPE	5	0.0344515883326	1.48338745245	8871519	4.36149112009
yWithMorphologySequentialStreamDropoutDev_BaselineLanguage_Fast_SaveLast_NoFinePOS.py	Spanish	Spanish	RANDOM_BY_TYPE	6	0.021650184236	1.48338745245	8871519	4.36149112009
yWithMorphologySequentialStreamDropoutDev_BaselineLanguage_Fast_SaveLast_NoFinePOS.py	Spanish	Spanish	RANDOM_BY_TYPE	7	0.0141564030258	1.48338745245	8871519	4.36149112009
yWithMorphologySequentialStreamDropoutDev_BaselineLanguage_Fast_SaveLast_NoFinePOS.py	Spanish	Spanish	RANDOM_BY_TYPE	8	0.0101014278667	1.48338745245	8871519	4.36149112009
yWithMorphologySequentialStreamDropoutDev_BaselineLanguage_Fast_SaveLast_NoFinePOS.py	Spanish	Spanish	RANDOM_BY_TYPE	9	0.00702996737094	1.48338745245	8871519	4.36149112009
yWithMorphologySequentialStreamDropoutDev_BaselineLanguage_Fast_SaveLast_NoFinePOS.py	Spanish	Spanish	RANDOM_BY_TYPE	10	0.00522756146563	1.48338745245	8871519	4.36149112009
yWithMorphologySequentialStreamDropoutDev_BaselineLanguage_Fast_SaveLast_NoFinePOS.py	Spanish	Spanish	RANDOM_BY_TYPE	11	0.00374677897985	1.48338745245	8871519	4.36149112009
yWithMorphologySequentialStreamDropoutDev_BaselineLanguage_Fast_SaveLast_NoFinePOS.py	Spanish	Spanish	RANDOM_BY_TYPE	12	0.0028463978889	1.48338745245	8871519	4.36149112009
yWithMorphologySequentialStreamDropoutDev_BaselineLanguage_Fast_SaveLast_NoFinePOS.py	Spanish	Spanish	RANDOM_BY_TYPE	13	0.00184978403128	1.48338745245	8871519	4.36149112009
yWithMorphologySequentialStreamDropoutDev_BaselineLanguage_Fast_SaveLast_NoFinePOS.py	Spanish	Spanish	RANDOM_BY_TYPE	14	0.00180564597365	1.48338745245	8871519	4.36149112009
yWithMorphologySequentialStreamDropoutDev_BaselineLanguage_Fast_SaveLast_NoFinePOS.py	Spanish	Spanish	RANDOM_BY_TYPE	15	0.00149905199411	1.48338745245	8871519	4.36149112009
yWithMorphologySequentialStreamDropoutDev_BaselineLanguage_Fast_SaveLast_NoFinePOS.py	Spanish	Spanish	RANDOM_BY_TYPE	16	0.00123396231517	1.48338745245	8871519	4.36149112009
yWithMorphologySequentialStreamDropoutDev_BaselineLanguage_Fast_SaveLast_NoFinePOS.py	Spanish	Spanish	RANDOM_BY_TYPE	17	0.00101960402249	1.48338745245	8871519	4.36149112009
yWithMorphologySequentialStreamDropoutDev_BaselineLanguage_Fast_SaveLast_NoFinePOS.py	Spanish	Spanish	RANDOM_BY_TYPE	18	0.000561039813582	1.48338745245	8871519	4.36149112009
yWithMorphologySequentialStreamDropoutDev_BaselineLanguage_Fast_SaveLast_NoFinePOS.py	Spanish	Spanish	RANDOM_BY_TYPE	19	0.000867126886718	1.48338745245	8871519	4.36149112009
yWithMorphologySequentialStreamDropoutDev_BaselineLanguage_Fast_SaveLast_NoFinePOS.py	Spanish	Spanish	RANDOM_BY_TYPE	1	0.74844554232	1.37449201165	9548294	4.35766536244
yWithMorphologySequentialStreamDropoutDev_BaselineLanguage_Fast_SaveLast_NoFinePOS.py	Spanish	Spanish	RANDOM_BY_TYPE	2	0.260674341231	1.37449201165	9548294	4.35766536244
yWithMorphologySequentialStreamDropoutDev_BaselineLanguage_Fast_SaveLast_NoFinePOS.py	Spanish	Spanish	RANDOM_BY_TYPE	3	0.136325599887	1.37449201165	9548294	4.35766536244
yWithMorphologySequentialStreamDropoutDev_BaselineLanguage_Fast_SaveLast_NoFinePOS.py	Spanish	Spanish	RANDOM_BY_TYPE	4	0.0779363562896	1.37449201165	9548294	4.35766536244
yWithMorphologySequentialStreamDropoutDev_BaselineLanguage_Fast_SaveLast_NoFinePOS.py	Spanish	Spanish	RANDOM_BY_TYPE	5	0.045487307807	1.37449201165	9548294	4.35766536244
yWithMorphologySequentialStreamDropoutDev_BaselineLanguage_Fast_SaveLast_NoFinePOS.py	Spanish	Spanish	RANDOM_BY_TYPE	6	0.0303567570353	1.37449201165	9548294	4.35766536244
yWithMorphologySequentialStreamDropoutDev_BaselineLanguage_Fast_SaveLast_NoFinePOS.py	Spanish	Spanish	RANDOM_BY_TYPE	7	0.0196489719935	1.37449201165	9548294	4.35766536244
yWithMorphologySequentialStreamDropoutDev_BaselineLanguage_Fast_SaveLast_NoFinePOS.py	Spanish	Spanish	RANDOM_BY_TYPE	8	0.0142982500109	1.37449201165	9548294	4.35766536244
yWithMorphologySequentialStreamDropoutDev_BaselineLanguage_Fast_SaveLast_NoFinePOS.py	Spanish	Spanish	RANDOM_BY_TYPE	9	0.00964421928625	1.37449201165	9548294	4.35766536244
yWithMorphologySequentialStreamDropoutDev_BaselineLanguage_Fast_SaveLast_NoFinePOS.py	Spanish	Spanish	RANDOM_BY_TYPE	10	0.00771174368643	1.37449201165	9548294	4.35766536244
yWithMorphologySequentialStreamDropoutDev_BaselineLanguage_Fast_SaveLast_NoFinePOS.py	Spanish	Spanish	RANDOM_BY_TYPE	11	0.00544473389019	1.37449201165	9548294	4.35766536244
yWithMorphologySequentialStreamDropoutDev_BaselineLanguage_Fast_SaveLast_NoFinePOS.py	Spanish	Spanish	RANDOM_BY_TYPE	12	0.00483624625522	1.37449201165	9548294	4.35766536244
yWithMorphologySequentialStreamDropoutDev_BaselineLanguage_Fast_SaveLast_NoFinePOS.py	Spanish	Spanish	RANDOM_BY_TYPE	13	0.00337630570097	1.37449201165	9548294	4.35766536244
yWithMorphologySequentialStreamDropoutDev_BaselineLanguage_Fast_SaveLast_NoFinePOS.py	Spanish	Spanish	RANDOM_BY_TYPE	14	0.00217941858315	1.37449201165	9548294	4.35766536244
yWithMorphologySequentialStreamDropoutDev_BaselineLanguage_Fast_SaveLast_NoFinePOS.py	Spanish	Spanish	RANDOM_BY_TYPE	15	0.00258520596031	1.37449201165	9548294	4.35766536244
yWithMorphologySequentialStreamDropoutDev_BaselineLanguage_Fast_SaveLast_NoFinePOS.py	Spanish	Spanish	RANDOM_BY_TYPE	16	0.00167165656583	1.37449201165	9548294	4.35766536244
yWithMorphologySequentialStreamDropoutDev_BaselineLanguage_Fast_SaveLast_NoFinePOS.py	Spanish	Spanish	RANDOM_BY_TYPE	17	0.00165173701501	1.37449201165	9548294	4.35766536244
yWithMorphologySequentialStreamDropoutDev_BaselineLanguage_Fast_SaveLast_NoFinePOS.py	Spanish	Spanish	RANDOM_BY_TYPE	18	0.000897622565707	1.37449201165	9548294	4.35766536244
yWithMorphologySequentialStreamDropoutDev_BaselineLanguage_Fast_SaveLast_NoFinePOS.py	Spanish	Spanish	RANDOM_BY_TYPE	19	0.00131999556196	1.37449201165	9548294	4.35766536244
yWithMorphologySequentialStreamDropoutDev_BaselineLanguage_Fast_SaveLast_NoFinePOS.py	Spanish	Spanish	RANDOM_BY_TYPE	1	0.781162065834	1.37432711899	245476	4.36071826641
yWithMorphologySequentialStreamDropoutDev_BaselineLanguage_Fast_SaveLast_NoFinePOS.py	Spanish	Spanish	RANDOM_BY_TYPE	2	0.226615938048	1.37432711899	245476	4.36071826641
yWithMorphologySequentialStreamDropoutDev_BaselineLanguage_Fast_SaveLast_NoFinePOS.py	Spanish	Spanish	RANDOM_BY_TYPE	3	0.124977416617	1.37432711899	245476	4.36071826641
yWithMorphologySequentialStreamDropoutDev_BaselineLanguage_Fast_SaveLast_NoFinePOS.py	Spanish	Spanish	RANDOM_BY_TYPE	4	0.0787033478663	1.37432711899	245476	4.36071826641
yWithMorphologySequentialStreamDropoutDev_BaselineLanguage_Fast_SaveLast_NoFinePOS.py	Spanish	Spanish	RANDOM_BY_TYPE	5	0.0476379806054	1.37432711899	245476	4.36071826641
yWithMorphologySequentialStreamDropoutDev_BaselineLanguage_Fast_SaveLast_NoFinePOS.py	Spanish	Spanish	RANDOM_BY_TYPE	6	0.0298172242452	1.37432711899	245476	4.36071826641
yWithMorphologySequentialStreamDropoutDev_BaselineLanguage_Fast_SaveLast_NoFinePOS.py	Spanish	Spanish	RANDOM_BY_TYPE	7	0.0231793576683	1.37432711899	245476	4.36071826641
yWithMorphologySequentialStreamDropoutDev_BaselineLanguage_Fast_SaveLast_NoFinePOS.py	Spanish	Spanish	RANDOM_BY_TYPE	8	0.0149987791534	1.37432711899	245476	4.36071826641
yWithMorphologySequentialStreamDropoutDev_BaselineLanguage_Fast_SaveLast_NoFinePOS.py	Spanish	Spanish	RANDOM_BY_TYPE	9	0.0117131326626	1.37432711899	245476	4.36071826641
yWithMorphologySequentialStreamDropoutDev_BaselineLanguage_Fast_SaveLast_NoFinePOS.py	Spanish	Spanish	RANDOM_BY_TYPE	10	0.00864401468398	1.37432711899	245476	4.36071826641
yWithMorphologySequentialStreamDropoutDev_BaselineLanguage_Fast_SaveLast_NoFinePOS.py	Spanish	Spanish	RANDOM_BY_TYPE	11	0.00687196853098	1.37432711899	245476	4.36071826641
yWithMorphologySequentialStreamDropoutDev_BaselineLanguage_Fast_SaveLast_NoFinePOS.py	Spanish	Spanish	RANDOM_BY_TYPE	12	0.00520163027111	1.37432711899	245476	4.36071826641
yWithMorphologySequentialStreamDropoutDev_BaselineLanguage_Fast_SaveLast_NoFinePOS.py	Spanish	Spanish	RANDOM_BY_TYPE	13	0.00371862911384	1.37432711899	245476	4.36071826641
yWithMorphologySequentialStreamDropoutDev_BaselineLanguage_Fast_SaveLast_NoFinePOS.py	Spanish	Spanish	RANDOM_BY_TYPE	14	0.00263212501678	1.37432711899	245476	4.36071826641
yWithMorphologySequentialStreamDropoutDev_BaselineLanguage_Fast_SaveLast_NoFinePOS.py	Spanish	Spanish	RANDOM_BY_TYPE	15	0.00259969104952	1.37432711899	245476	4.36071826641
yWithMorphologySequentialStreamDropoutDev_BaselineLanguage_Fast_SaveLast_NoFinePOS.py	Spanish	Spanish	RANDOM_BY_TYPE	16	0.00217072876907	1.37432711899	245476	4.36071826641
yWithMorphologySequentialStreamDropoutDev_BaselineLanguage_Fast_SaveLast_NoFinePOS.py	Spanish	Spanish	RANDOM_BY_TYPE	17	0.00175198762913	1.37432711899	245476	4.36071826641
yWithMorphologySequentialStreamDropoutDev_BaselineLanguage_Fast_SaveLast_NoFinePOS.py	Spanish	Spanish	RANDOM_BY_TYPE	18	0.00104715195818	1.37432711899	245476	4.36071826641
yWithMorphologySequentialStreamDropoutDev_BaselineLanguage_Fast_SaveLast_NoFinePOS.py	Spanish	Spanish	RANDOM_BY_TYPE	19	0.000883949264837	1.37432711899	245476	4.36071826641
yWithMorphologySequentialStreamDropoutDev_BaselineLanguage_Fast_SaveLast_NoFinePOS.py	Spanish	Spanish	RANDOM_BY_TYPE	1	0.768796596444	1.32665024683	6750503	4.36863207872
yWithMorphologySequentialStreamDropoutDev_BaselineLanguage_Fast_SaveLast_NoFinePOS.py	Spanish	Spanish	RANDOM_BY_TYPE	2	0.22207369638	1.32665024683	6750503	4.36863207872
yWithMorphologySequentialStreamDropoutDev_BaselineLanguage_Fast_SaveLast_NoFinePOS.py	Spanish	Spanish	RANDOM_BY_TYPE	3	0.117624251775	1.32665024683	6750503	4.36863207872
yWithMorphologySequentialStreamDropoutDev_BaselineLanguage_Fast_SaveLast_NoFinePOS.py	Spanish	Spanish	RANDOM_BY_TYPE	4	0.0732804502468	1.32665024683	6750503	4.36863207872
yWithMorphologySequentialStreamDropoutDev_BaselineLanguage_Fast_SaveLast_NoFinePOS.py	Spanish	Spanish	RANDOM_BY_TYPE	5	0.0430021192124	1.32665024683	6750503	4.36863207872
yWithMorphologySequentialStreamDropoutDev_BaselineLanguage_Fast_SaveLast_NoFinePOS.py	Spanish	Spanish	RANDOM_BY_TYPE	6	0.0286107954114	1.32665024683	6750503	4.36863207872
yWithMorphologySequentialStreamDropoutDev_BaselineLanguage_Fast_SaveLast_NoFinePOS.py	Spanish	Spanish	RANDOM_BY_TYPE	7	0.0194385698779	1.32665024683	6750503	4.36863207872
yWithMorphologySequentialStreamDropoutDev_BaselineLanguage_Fast_SaveLast_NoFinePOS.py	Spanish	Spanish	RANDOM_BY_TYPE	8	0.0137675919068	1.32665024683	6750503	4.36863207872
yWithMorphologySequentialStreamDropoutDev_BaselineLanguage_Fast_SaveLast_NoFinePOS.py	Spanish	Spanish	RANDOM_BY_TYPE	9	0.00929988860341	1.32665024683	6750503	4.36863207872
yWithMorphologySequentialStreamDropoutDev_BaselineLanguage_Fast_SaveLast_NoFinePOS.py	Spanish	Spanish	RANDOM_BY_TYPE	10	0.00779626304951	1.32665024683	6750503	4.36863207872
yWithMorphologySequentialStreamDropoutDev_BaselineLanguage_Fast_SaveLast_NoFinePOS.py	Spanish	Spanish	RANDOM_BY_TYPE	11	0.00562590940324	1.32665024683	6750503	4.36863207872
yWithMorphologySequentialStreamDropoutDev_BaselineLanguage_Fast_SaveLast_NoFinePOS.py	Spanish	Spanish	RANDOM_BY_TYPE	12	0.0043249800105	1.32665024683	6750503	4.36863207872
yWithMorphologySequentialStreamDropoutDev_BaselineLanguage_Fast_SaveLast_NoFinePOS.py	Spanish	Spanish	RANDOM_BY_TYPE	13	0.00308568992672	1.32665024683	6750503	4.36863207872
yWithMorphologySequentialStreamDropoutDev_BaselineLanguage_Fast_SaveLast_NoFinePOS.py	Spanish	Spanish	RANDOM_BY_TYPE	14	0.00237611891859	1.32665024683	6750503	4.36863207872
yWithMorphologySequentialStreamDropoutDev_BaselineLanguage_Fast_SaveLast_NoFinePOS.py	Spanish	Spanish	RANDOM_BY_TYPE	15	0.00272596547978	1.32665024683	6750503	4.36863207872
yWithMorphologySequentialStreamDropoutDev_BaselineLanguage_Fast_SaveLast_NoFinePOS.py	Spanish	Spanish	RANDOM_BY_TYPE	16	0.00121324711314	1.32665024683	6750503	4.36863207872
yWithMorphologySequentialStreamDropoutDev_BaselineLanguage_Fast_SaveLast_NoFinePOS.py	Spanish	Spanish	RANDOM_BY_TYPE	17	0.00125456451093	1.32665024683	6750503	4.36863207872
yWithMorphologySequentialStreamDropoutDev_BaselineLanguage_Fast_SaveLast_NoFinePOS.py	Spanish	Spanish	RANDOM_BY_TYPE	18	0.00143418013121	1.32665024683	6750503	4.36863207872
yWithMorphologySequentialStreamDropoutDev_BaselineLanguage_Fast_SaveLast_NoFinePOS.py	Spanish	Spanish	RANDOM_BY_TYPE	19	0.000919368425587	1.32665024683	6750503	4.36863207872
yWithMorphologySequentialStreamDropoutDev_BaselineLanguage_Fast_SaveLast_NoFinePOS.py	Spanish	Spanish	RANDOM_BY_TYPE	1	0.743859676633	1.40891315591	1741773	4.36368404376
yWithMorphologySequentialStreamDropoutDev_BaselineLanguage_Fast_SaveLast_NoFinePOS.py	Spanish	Spanish	RANDOM_BY_TYPE	2	0.339885167412	1.40891315591	1741773	4.36368404376
yWithMorphologySequentialStreamDropoutDev_BaselineLanguage_Fast_SaveLast_NoFinePOS.py	Spanish	Spanish	RANDOM_BY_TYPE	3	0.135870715418	1.40891315591	1741773	4.36368404376
yWithMorphologySequentialStreamDropoutDev_BaselineLanguage_Fast_SaveLast_NoFinePOS.py	Spanish	Spanish	RANDOM_BY_TYPE	4	0.0690951563383	1.40891315591	1741773	4.36368404376
yWithMorphologySequentialStreamDropoutDev_BaselineLanguage_Fast_SaveLast_NoFinePOS.py	Spanish	Spanish	RANDOM_BY_TYPE	5	0.0395054991801	1.40891315591	1741773	4.36368404376
yWithMorphologySequentialStreamDropoutDev_BaselineLanguage_Fast_SaveLast_NoFinePOS.py	Spanish	Spanish	RANDOM_BY_TYPE	6	0.0246274221131	1.40891315591	1741773	4.36368404376
yWithMorphologySequentialStreamDropoutDev_BaselineLanguage_Fast_SaveLast_NoFinePOS.py	Spanish	Spanish	RANDOM_BY_TYPE	7	0.0150819843652	1.40891315591	1741773	4.36368404376
yWithMorphologySequentialStreamDropoutDev_BaselineLanguage_Fast_SaveLast_NoFinePOS.py	Spanish	Spanish	RANDOM_BY_TYPE	8	0.0109497057593	1.40891315591	1741773	4.36368404376
yWithMorphologySequentialStreamDropoutDev_BaselineLanguage_Fast_SaveLast_NoFinePOS.py	Spanish	Spanish	RANDOM_BY_TYPE	9	0.00841576256136	1.40891315591	1741773	4.36368404376
yWithMorphologySequentialStreamDropoutDev_BaselineLanguage_Fast_SaveLast_NoFinePOS.py	Spanish	Spanish	RANDOM_BY_TYPE	10	0.00525059640361	1.40891315591	1741773	4.36368404376
yWithMorphologySequentialStreamDropoutDev_BaselineLanguage_Fast_SaveLast_NoFinePOS.py	Spanish	Spanish	RANDOM_BY_TYPE	11	0.00422027540564	1.40891315591	1741773	4.36368404376
yWithMorphologySequentialStreamDropoutDev_BaselineLanguage_Fast_SaveLast_NoFinePOS.py	Spanish	Spanish	RANDOM_BY_TYPE	12	0.00324154285441	1.40891315591	1741773	4.36368404376
yWithMorphologySequentialStreamDropoutDev_BaselineLanguage_Fast_SaveLast_NoFinePOS.py	Spanish	Spanish	RANDOM_BY_TYPE	13	0.00244374881931	1.40891315591	1741773	4.36368404376
yWithMorphologySequentialStreamDropoutDev_BaselineLanguage_Fast_SaveLast_NoFinePOS.py	Spanish	Spanish	RANDOM_BY_TYPE	14	0.00195086860559	1.40891315591	1741773	4.36368404376
yWithMorphologySequentialStreamDropoutDev_BaselineLanguage_Fast_SaveLast_NoFinePOS.py	Spanish	Spanish	RANDOM_BY_TYPE	15	0.00127362691423	1.40891315591	1741773	4.36368404376
yWithMorphologySequentialStreamDropoutDev_BaselineLanguage_Fast_SaveLast_NoFinePOS.py	Spanish	Spanish	RANDOM_BY_TYPE	16	0.000794314283216	1.40891315591	1741773	4.36368404376
yWithMorphologySequentialStreamDropoutDev_BaselineLanguage_Fast_SaveLast_NoFinePOS.py	Spanish	Spanish	RANDOM_BY_TYPE	17	0.00103797945208	1.40891315591	1741773	4.36368404376
yWithMorphologySequentialStreamDropoutDev_BaselineLanguage_Fast_SaveLast_NoFinePOS.py	Spanish	Spanish	RANDOM_BY_TYPE	18	0.000619104143662	1.40891315591	1741773	4.36368404376
yWithMorphologySequentialStreamDropoutDev_BaselineLanguage_Fast_SaveLast_NoFinePOS.py	Spanish	Spanish	RANDOM_BY_TYPE	19	0.000790009251868	1.40891315591	1741773	4.36368404376
yWithMorphologySequentialStreamDropoutDev_BaselineLanguage_Fast_SaveLast_NoFinePOS.py	Spanish	Spanish	RANDOM_BY_TYPE	1	0.893270121905	1.47457220901	155818003	4.35960814465
yWithMorphologySequentialStreamDropoutDev_BaselineLanguage_Fast_SaveLast_NoFinePOS.py	Spanish	Spanish	RANDOM_BY_TYPE	2	0.283077514669	1.47457220901	155818003	4.35960814465
yWithMorphologySequentialStreamDropoutDev_BaselineLanguage_Fast_SaveLast_NoFinePOS.py	Spanish	Spanish	RANDOM_BY_TYPE	3	0.131472057503	1.47457220901	155818003	4.35960814465
yWithMorphologySequentialStreamDropoutDev_BaselineLanguage_Fast_SaveLast_NoFinePOS.py	Spanish	Spanish	RANDOM_BY_TYPE	4	0.0575295366358	1.47457220901	155818003	4.35960814465
yWithMorphologySequentialStreamDropoutDev_BaselineLanguage_Fast_SaveLast_NoFinePOS.py	Spanish	Spanish	RANDOM_BY_TYPE	5	0.0347099628102	1.47457220901	155818003	4.35960814465
yWithMorphologySequentialStreamDropoutDev_BaselineLanguage_Fast_SaveLast_NoFinePOS.py	Spanish	Spanish	RANDOM_BY_TYPE	6	0.0228767027307	1.47457220901	155818003	4.35960814465
yWithMorphologySequentialStreamDropoutDev_BaselineLanguage_Fast_SaveLast_NoFinePOS.py	Spanish	Spanish	RANDOM_BY_TYPE	7	0.0146835416358	1.47457220901	155818003	4.35960814465
yWithMorphologySequentialStreamDropoutDev_BaselineLanguage_Fast_SaveLast_NoFinePOS.py	Spanish	Spanish	RANDOM_BY_TYPE	8	0.00979154764724	1.47457220901	155818003	4.35960814465
yWithMorphologySequentialStreamDropoutDev_BaselineLanguage_Fast_SaveLast_NoFinePOS.py	Spanish	Spanish	RANDOM_BY_TYPE	9	0.00710089722898	1.47457220901	155818003	4.35960814465
yWithMorphologySequentialStreamDropoutDev_BaselineLanguage_Fast_SaveLast_NoFinePOS.py	Spanish	Spanish	RANDOM_BY_TYPE	10	0.00535394951724	1.47457220901	155818003	4.35960814465
yWithMorphologySequentialStreamDropoutDev_BaselineLanguage_Fast_SaveLast_NoFinePOS.py	Spanish	Spanish	RANDOM_BY_TYPE	11	0.00341368352304	1.47457220901	155818003	4.35960814465
yWithMorphologySequentialStreamDropoutDev_BaselineLanguage_Fast_SaveLast_NoFinePOS.py	Spanish	Spanish	RANDOM_BY_TYPE	12	0.00271971483724	1.47457220901	155818003	4.35960814465
yWithMorphologySequentialStreamDropoutDev_BaselineLanguage_Fast_SaveLast_NoFinePOS.py	Spanish	Spanish	RANDOM_BY_TYPE	13	0.00198150748195	1.47457220901	155818003	4.35960814465
yWithMorphologySequentialStreamDropoutDev_BaselineLanguage_Fast_SaveLast_NoFinePOS.py	Spanish	Spanish	RANDOM_BY_TYPE	14	0.00212209503459	1.47457220901	155818003	4.35960814465
yWithMorphologySequentialStreamDropoutDev_BaselineLanguage_Fast_SaveLast_NoFinePOS.py	Spanish	Spanish	RANDOM_BY_TYPE	15	0.00139418264671	1.47457220901	155818003	4.35960814465
yWithMorphologySequentialStreamDropoutDev_BaselineLanguage_Fast_SaveLast_NoFinePOS.py	Spanish	Spanish	RANDOM_BY_TYPE	16	0.000998390333675	1.47457220901	155818003	4.35960814465
yWithMorphologySequentialStreamDropoutDev_BaselineLanguage_Fast_SaveLast_NoFinePOS.py	Spanish	Spanish	RANDOM_BY_TYPE	17	0.000883845049551	1.47457220901	155818003	4.35960814465
yWithMorphologySequentialStreamDropoutDev_BaselineLanguage_Fast_SaveLast_NoFinePOS.py	Spanish	Spanish	RANDOM_BY_TYPE	18	0.000679849533834	1.47457220901	155818003	4.35960814465
yWithMorphologySequentialStreamDropoutDev_BaselineLanguage_Fast_SaveLast_NoFinePOS.py	Spanish	Spanish	RANDOM_BY_TYPE	19	0.000513108284721	1.47457220901	155818003	4.35960814465
yWithMorphologySequentialStreamDropoutDev_BaselineLanguage_Fast_SaveLast_NoFinePOS.py	Spanish	Spanish	RANDOM_BY_TYPE	1	0.959299978466	1.45924753886	6895871	4.36451511051
yWithMorphologySequentialStreamDropoutDev_BaselineLanguage_Fast_SaveLast_NoFinePOS.py	Spanish	Spanish	RANDOM_BY_TYPE	2	0.205491328763	1.45924753886	6895871	4.36451511051
yWithMorphologySequentialStreamDropoutDev_BaselineLanguage_Fast_SaveLast_NoFinePOS.py	Spanish	Spanish	RANDOM_BY_TYPE	3	0.123383088583	1.45924753886	6895871	4.36451511051
yWithMorphologySequentialStreamDropoutDev_BaselineLanguage_Fast_SaveLast_NoFinePOS.py	Spanish	Spanish	RANDOM_BY_TYPE	4	0.0645911998153	1.45924753886	6895871	4.36451511051
yWithMorphologySequentialStreamDropoutDev_BaselineLanguage_Fast_SaveLast_NoFinePOS.py	Spanish	Spanish	RANDOM_BY_TYPE	5	0.0362006059305	1.45924753886	6895871	4.36451511051
yWithMorphologySequentialStreamDropoutDev_BaselineLanguage_Fast_SaveLast_NoFinePOS.py	Spanish	Spanish	RANDOM_BY_TYPE	6	0.020616498535	1.45924753886	6895871	4.36451511051
yWithMorphologySequentialStreamDropoutDev_BaselineLanguage_Fast_SaveLast_NoFinePOS.py	Spanish	Spanish	RANDOM_BY_TYPE	7	0.0138315460833	1.45924753886	6895871	4.36451511051
yWithMorphologySequentialStreamDropoutDev_BaselineLanguage_Fast_SaveLast_NoFinePOS.py	Spanish	Spanish	RANDOM_BY_TYPE	8	0.00950574414149	1.45924753886	6895871	4.36451511051
yWithMorphologySequentialStreamDropoutDev_BaselineLanguage_Fast_SaveLast_NoFinePOS.py	Spanish	Spanish	RANDOM_BY_TYPE	9	0.00672860216129	1.45924753886	6895871	4.36451511051
yWithMorphologySequentialStreamDropoutDev_BaselineLanguage_Fast_SaveLast_NoFinePOS.py	Spanish	Spanish	RANDOM_BY_TYPE	10	0.0057168652672	1.45924753886	6895871	4.36451511051
yWithMorphologySequentialStreamDropoutDev_BaselineLanguage_Fast_SaveLast_NoFinePOS.py	Spanish	Spanish	RANDOM_BY_TYPE	11	0.00344150341072	1.45924753886	6895871	4.36451511051
yWithMorphologySequentialStreamDropoutDev_BaselineLanguage_Fast_SaveLast_NoFinePOS.py	Spanish	Spanish	RANDOM_BY_TYPE	12	0.00254576480904	1.45924753886	6895871	4.36451511051
yWithMorphologySequentialStreamDropoutDev_BaselineLanguage_Fast_SaveLast_NoFinePOS.py	Spanish	Spanish	RANDOM_BY_TYPE	13	0.00183679986269	1.45924753886	6895871	4.36451511051
yWithMorphologySequentialStreamDropoutDev_BaselineLanguage_Fast_SaveLast_NoFinePOS.py	Spanish	Spanish	RANDOM_BY_TYPE	14	0.00162508826111	1.45924753886	6895871	4.36451511051
yWithMorphologySequentialStreamDropoutDev_BaselineLanguage_Fast_SaveLast_NoFinePOS.py	Spanish	Spanish	RANDOM_BY_TYPE	15	0.00108600560448	1.45924753886	6895871	4.36451511051
yWithMorphologySequentialStreamDropoutDev_BaselineLanguage_Fast_SaveLast_NoFinePOS.py	Spanish	Spanish	RANDOM_BY_TYPE	16	0.00111996990011	1.45924753886	6895871	4.36451511051
yWithMorphologySequentialStreamDropoutDev_BaselineLanguage_Fast_SaveLast_NoFinePOS.py	Spanish	Spanish	RANDOM_BY_TYPE	17	0.000940149661583	1.45924753886	6895871	4.36451511051
yWithMorphologySequentialStreamDropoutDev_BaselineLanguage_Fast_SaveLast_NoFinePOS.py	Spanish	Spanish	RANDOM_BY_TYPE	18	0.000700088275881	1.45924753886	6895871	4.36451511051
yWithMorphologySequentialStreamDropoutDev_BaselineLanguage_Fast_SaveLast_NoFinePOS.py	Spanish	Spanish	RANDOM_BY_TYPE	19	0.000586711328674	1.45924753886	6895871	4.36451511051
yWithMorphologySequentialStreamDropoutDev_BaselineLanguage_Fast_SaveLast_NoFinePOS.py	Spanish	Spanish	RANDOM_BY_TYPE	1	0.947670954816	1.45353295082	4082394	4.35752897033
yWithMorphologySequentialStreamDropoutDev_BaselineLanguage_Fast_SaveLast_NoFinePOS.py	Spanish	Spanish	RANDOM_BY_TYPE	2	0.207329683348	1.45353295082	4082394	4.35752897033
yWithMorphologySequentialStreamDropoutDev_BaselineLanguage_Fast_SaveLast_NoFinePOS.py	Spanish	Spanish	RANDOM_BY_TYPE	3	0.11659810829	1.45353295082	4082394	4.35752897033
yWithMorphologySequentialStreamDropoutDev_BaselineLanguage_Fast_SaveLast_NoFinePOS.py	Spanish	Spanish	RANDOM_BY_TYPE	4	0.0632161995762	1.45353295082	4082394	4.35752897033
yWithMorphologySequentialStreamDropoutDev_BaselineLanguage_Fast_SaveLast_NoFinePOS.py	Spanish	Spanish	RANDOM_BY_TYPE	5	0.0343266375061	1.45353295082	4082394	4.35752897033
yWithMorphologySequentialStreamDropoutDev_BaselineLanguage_Fast_SaveLast_NoFinePOS.py	Spanish	Spanish	RANDOM_BY_TYPE	6	0.0234000885227	1.45353295082	4082394	4.35752897033
yWithMorphologySequentialStreamDropoutDev_BaselineLanguage_Fast_SaveLast_NoFinePOS.py	Spanish	Spanish	RANDOM_BY_TYPE	7	0.0148187933194	1.45353295082	4082394	4.35752897033
yWithMorphologySequentialStreamDropoutDev_BaselineLanguage_Fast_SaveLast_NoFinePOS.py	Spanish	Spanish	RANDOM_BY_TYPE	8	0.0112400472315	1.45353295082	4082394	4.35752897033
yWithMorphologySequentialStreamDropoutDev_BaselineLanguage_Fast_SaveLast_NoFinePOS.py	Spanish	Spanish	RANDOM_BY_TYPE	9	0.00806272055989	1.45353295082	4082394	4.35752897033
yWithMorphologySequentialStreamDropoutDev_BaselineLanguage_Fast_SaveLast_NoFinePOS.py	Spanish	Spanish	RANDOM_BY_TYPE	10	0.00649899633085	1.45353295082	4082394	4.35752897033
yWithMorphologySequentialStreamDropoutDev_BaselineLanguage_Fast_SaveLast_NoFinePOS.py	Spanish	Spanish	RANDOM_BY_TYPE	11	0.00517736267403	1.45353295082	4082394	4.35752897033
yWithMorphologySequentialStreamDropoutDev_BaselineLanguage_Fast_SaveLast_NoFinePOS.py	Spanish	Spanish	RANDOM_BY_TYPE	12	0.00370417692556	1.45353295082	4082394	4.35752897033
yWithMorphologySequentialStreamDropoutDev_BaselineLanguage_Fast_SaveLast_NoFinePOS.py	Spanish	Spanish	RANDOM_BY_TYPE	13	0.00296299148502	1.45353295082	4082394	4.35752897033
yWithMorphologySequentialStreamDropoutDev_BaselineLanguage_Fast_SaveLast_NoFinePOS.py	Spanish	Spanish	RANDOM_BY_TYPE	14	0.00232947457617	1.45353295082	4082394	4.35752897033
yWithMorphologySequentialStreamDropoutDev_BaselineLanguage_Fast_SaveLast_NoFinePOS.py	Spanish	Spanish	RANDOM_BY_TYPE	15	0.00182698564923	1.45353295082	4082394	4.35752897033
yWithMorphologySequentialStreamDropoutDev_BaselineLanguage_Fast_SaveLast_NoFinePOS.py	Spanish	Spanish	RANDOM_BY_TYPE	16	0.00144331152565	1.45353295082	4082394	4.35752897033
yWithMorphologySequentialStreamDropoutDev_BaselineLanguage_Fast_SaveLast_NoFinePOS.py	Spanish	Spanish	RANDOM_BY_TYPE	17	0.0011372041375	1.45353295082	4082394	4.35752897033
yWithMorphologySequentialStreamDropoutDev_BaselineLanguage_Fast_SaveLast_NoFinePOS.py	Spanish	Spanish	RANDOM_BY_TYPE	18	0.00110989638439	1.45353295082	4082394	4.35752897033
yWithMorphologySequentialStreamDropoutDev_BaselineLanguage_Fast_SaveLast_NoFinePOS.py	Spanish	Spanish	RANDOM_BY_TYPE	19	0.00067931796044	1.45353295082	4082394	4.35752897033
yWithMorphologySequentialStreamDropoutDev_BaselineLanguage_Fast_SaveLast_NoFinePOS.py	Spanish	Spanish	RANDOM_BY_TYPE	1	0.772005414474	1.32997079282	2926882	4.3761184542
yWithMorphologySequentialStreamDropoutDev_BaselineLanguage_Fast_SaveLast_NoFinePOS.py	Spanish	Spanish	RANDOM_BY_TYPE	2	0.223170333498	1.32997079282	2926882	4.3761184542
yWithMorphologySequentialStreamDropoutDev_BaselineLanguage_Fast_SaveLast_NoFinePOS.py	Spanish	Spanish	RANDOM_BY_TYPE	3	0.131449556895	1.32997079282	2926882	4.3761184542
yWithMorphologySequentialStreamDropoutDev_BaselineLanguage_Fast_SaveLast_NoFinePOS.py	Spanish	Spanish	RANDOM_BY_TYPE	4	0.0720882281615	1.32997079282	2926882	4.3761184542
yWithMorphologySequentialStreamDropoutDev_BaselineLanguage_Fast_SaveLast_NoFinePOS.py	Spanish	Spanish	RANDOM_BY_TYPE	5	0.0412378954495	1.32997079282	2926882	4.3761184542
yWithMorphologySequentialStreamDropoutDev_BaselineLanguage_Fast_SaveLast_NoFinePOS.py	Spanish	Spanish	RANDOM_BY_TYPE	6	0.0270342342614	1.32997079282	2926882	4.3761184542
yWithMorphologySequentialStreamDropoutDev_BaselineLanguage_Fast_SaveLast_NoFinePOS.py	Spanish	Spanish	RANDOM_BY_TYPE	7	0.0169115040881	1.32997079282	2926882	4.3761184542
yWithMorphologySequentialStreamDropoutDev_BaselineLanguage_Fast_SaveLast_NoFinePOS.py	Spanish	Spanish	RANDOM_BY_TYPE	8	0.0127595100796	1.32997079282	2926882	4.3761184542
yWithMorphologySequentialStreamDropoutDev_BaselineLanguage_Fast_SaveLast_NoFinePOS.py	Spanish	Spanish	RANDOM_BY_TYPE	9	0.00871584984558	1.32997079282	2926882	4.3761184542
yWithMorphologySequentialStreamDropoutDev_BaselineLanguage_Fast_SaveLast_NoFinePOS.py	Spanish	Spanish	RANDOM_BY_TYPE	10	0.00662088262445	1.32997079282	2926882	4.3761184542
yWithMorphologySequentialStreamDropoutDev_BaselineLanguage_Fast_SaveLast_NoFinePOS.py	Spanish	Spanish	RANDOM_BY_TYPE	11	0.00484802624982	1.32997079282	2926882	4.3761184542
yWithMorphologySequentialStreamDropoutDev_BaselineLanguage_Fast_SaveLast_NoFinePOS.py	Spanish	Spanish	RANDOM_BY_TYPE	12	0.00349006889463	1.32997079282	2926882	4.3761184542
yWithMorphologySequentialStreamDropoutDev_BaselineLanguage_Fast_SaveLast_NoFinePOS.py	Spanish	Spanish	RANDOM_BY_TYPE	13	0.00233298099115	1.32997079282	2926882	4.3761184542
yWithMorphologySequentialStreamDropoutDev_BaselineLanguage_Fast_SaveLast_NoFinePOS.py	Spanish	Spanish	RANDOM_BY_TYPE	14	0.00195341971572	1.32997079282	2926882	4.3761184542
yWithMorphologySequentialStreamDropoutDev_BaselineLanguage_Fast_SaveLast_NoFinePOS.py	Spanish	Spanish	RANDOM_BY_TYPE	15	0.00188353571844	1.32997079282	2926882	4.3761184542
yWithMorphologySequentialStreamDropoutDev_BaselineLanguage_Fast_SaveLast_NoFinePOS.py	Spanish	Spanish	RANDOM_BY_TYPE	16	0.00121881779156	1.32997079282	2926882	4.3761184542
yWithMorphologySequentialStreamDropoutDev_BaselineLanguage_Fast_SaveLast_NoFinePOS.py	Spanish	Spanish	RANDOM_BY_TYPE	17	0.00099183175121	1.32997079282	2926882	4.3761184542
yWithMorphologySequentialStreamDropoutDev_BaselineLanguage_Fast_SaveLast_NoFinePOS.py	Spanish	Spanish	RANDOM_BY_TYPE	18	0.000723825152557	1.32997079282	2926882	4.3761184542
yWithMorphologySequentialStreamDropoutDev_BaselineLanguage_Fast_SaveLast_NoFinePOS.py	Spanish	Spanish	RANDOM_BY_TYPE	19	0.000534877181053	1.32997079282	2926882	4.3761184542
yWithMorphologySequentialStreamDropoutDev_BaselineLanguage_Fast_SaveLast_NoFinePOS.py	Spanish	Spanish	RANDOM_BY_TYPE	1	0.874673494083	1.43881808995	6323018	4.3691250277
yWithMorphologySequentialStreamDropoutDev_BaselineLanguage_Fast_SaveLast_NoFinePOS.py	Spanish	Spanish	RANDOM_BY_TYPE	2	0.248224855206	1.43881808995	6323018	4.3691250277
yWithMorphologySequentialStreamDropoutDev_BaselineLanguage_Fast_SaveLast_NoFinePOS.py	Spanish	Spanish	RANDOM_BY_TYPE	3	0.115130677709	1.43881808995	6323018	4.3691250277
yWithMorphologySequentialStreamDropoutDev_BaselineLanguage_Fast_SaveLast_NoFinePOS.py	Spanish	Spanish	RANDOM_BY_TYPE	4	0.0702309038409	1.43881808995	6323018	4.3691250277
yWithMorphologySequentialStreamDropoutDev_BaselineLanguage_Fast_SaveLast_NoFinePOS.py	Spanish	Spanish	RANDOM_BY_TYPE	5	0.0404053719546	1.43881808995	6323018	4.3691250277
yWithMorphologySequentialStreamDropoutDev_BaselineLanguage_Fast_SaveLast_NoFinePOS.py	Spanish	Spanish	RANDOM_BY_TYPE	6	0.0257688923869	1.43881808995	6323018	4.3691250277
yWithMorphologySequentialStreamDropoutDev_BaselineLanguage_Fast_SaveLast_NoFinePOS.py	Spanish	Spanish	RANDOM_BY_TYPE	7	0.0168290240603	1.43881808995	6323018	4.3691250277
yWithMorphologySequentialStreamDropoutDev_BaselineLanguage_Fast_SaveLast_NoFinePOS.py	Spanish	Spanish	RANDOM_BY_TYPE	8	0.0115873459262	1.43881808995	6323018	4.3691250277
yWithMorphologySequentialStreamDropoutDev_BaselineLanguage_Fast_SaveLast_NoFinePOS.py	Spanish	Spanish	RANDOM_BY_TYPE	9	0.00957185007353	1.43881808995	6323018	4.3691250277
yWithMorphologySequentialStreamDropoutDev_BaselineLanguage_Fast_SaveLast_NoFinePOS.py	Spanish	Spanish	RANDOM_BY_TYPE	10	0.00598805593878	1.43881808995	6323018	4.3691250277
yWithMorphologySequentialStreamDropoutDev_BaselineLanguage_Fast_SaveLast_NoFinePOS.py	Spanish	Spanish	RANDOM_BY_TYPE	11	0.00516292539271	1.43881808995	6323018	4.3691250277
yWithMorphologySequentialStreamDropoutDev_BaselineLanguage_Fast_SaveLast_NoFinePOS.py	Spanish	Spanish	RANDOM_BY_TYPE	12	0.00338691261211	1.43881808995	6323018	4.3691250277
yWithMorphologySequentialStreamDropoutDev_BaselineLanguage_Fast_SaveLast_NoFinePOS.py	Spanish	Spanish	RANDOM_BY_TYPE	13	0.00323670781638	1.43881808995	6323018	4.3691250277
yWithMorphologySequentialStreamDropoutDev_BaselineLanguage_Fast_SaveLast_NoFinePOS.py	Spanish	Spanish	RANDOM_BY_TYPE	14	0.0022873237114	1.43881808995	6323018	4.3691250277
yWithMorphologySequentialStreamDropoutDev_BaselineLanguage_Fast_SaveLast_NoFinePOS.py	Spanish	Spanish	RANDOM_BY_TYPE	15	0.00218307652229	1.43881808995	6323018	4.3691250277
yWithMorphologySequentialStreamDropoutDev_BaselineLanguage_Fast_SaveLast_NoFinePOS.py	Spanish	Spanish	RANDOM_BY_TYPE	16	0.00164140151622	1.43881808995	6323018	4.3691250277
yWithMorphologySequentialStreamDropoutDev_BaselineLanguage_Fast_SaveLast_NoFinePOS.py	Spanish	Spanish	RANDOM_BY_TYPE	17	0.00100886416143	1.43881808995	6323018	4.3691250277
yWithMorphologySequentialStreamDropoutDev_BaselineLanguage_Fast_SaveLast_NoFinePOS.py	Spanish	Spanish	RANDOM_BY_TYPE	18	0.000917509888702	1.43881808995	6323018	4.3691250277
yWithMorphologySequentialStreamDropoutDev_BaselineLanguage_Fast_SaveLast_NoFinePOS.py	Spanish	Spanish	RANDOM_BY_TYPE	19	0.000582897147843	1.43881808995	6323018	4.3691250277
yWithMorphologySequentialStreamDropoutDev_BaselineLanguage_Fast_SaveLast_NoFinePOS.py	Spanish	Spanish	RANDOM_BY_TYPE	1	0.859621245269	1.39652981626	2895877	4.36343263189
yWithMorphologySequentialStreamDropoutDev_BaselineLanguage_Fast_SaveLast_NoFinePOS.py	Spanish	Spanish	RANDOM_BY_TYPE	2	0.2394362967	1.39652981626	2895877	4.36343263189
yWithMorphologySequentialStreamDropoutDev_BaselineLanguage_Fast_SaveLast_NoFinePOS.py	Spanish	Spanish	RANDOM_BY_TYPE	3	0.112768928152	1.39652981626	2895877	4.36343263189
yWithMorphologySequentialStreamDropoutDev_BaselineLanguage_Fast_SaveLast_NoFinePOS.py	Spanish	Spanish	RANDOM_BY_TYPE	4	0.059050803331	1.39652981626	2895877	4.36343263189
yWithMorphologySequentialStreamDropoutDev_BaselineLanguage_Fast_SaveLast_NoFinePOS.py	Spanish	Spanish	RANDOM_BY_TYPE	5	0.0360693441895	1.39652981626	2895877	4.36343263189
yWithMorphologySequentialStreamDropoutDev_BaselineLanguage_Fast_SaveLast_NoFinePOS.py	Spanish	Spanish	RANDOM_BY_TYPE	6	0.0237693764397	1.39652981626	2895877	4.36343263189
yWithMorphologySequentialStreamDropoutDev_BaselineLanguage_Fast_SaveLast_NoFinePOS.py	Spanish	Spanish	RANDOM_BY_TYPE	7	0.0156801096352	1.39652981626	2895877	4.36343263189
yWithMorphologySequentialStreamDropoutDev_BaselineLanguage_Fast_SaveLast_NoFinePOS.py	Spanish	Spanish	RANDOM_BY_TYPE	8	0.0117055680197	1.39652981626	2895877	4.36343263189
yWithMorphologySequentialStreamDropoutDev_BaselineLanguage_Fast_SaveLast_NoFinePOS.py	Spanish	Spanish	RANDOM_BY_TYPE	9	0.00861426963938	1.39652981626	2895877	4.36343263189
yWithMorphologySequentialStreamDropoutDev_BaselineLanguage_Fast_SaveLast_NoFinePOS.py	Spanish	Spanish	RANDOM_BY_TYPE	10	0.00611413751854	1.39652981626	2895877	4.36343263189
yWithMorphologySequentialStreamDropoutDev_BaselineLanguage_Fast_SaveLast_NoFinePOS.py	Spanish	Spanish	RANDOM_BY_TYPE	11	0.00476344185664	1.39652981626	2895877	4.36343263189
yWithMorphologySequentialStreamDropoutDev_BaselineLanguage_Fast_SaveLast_NoFinePOS.py	Spanish	Spanish	RANDOM_BY_TYPE	12	0.00449942899549	1.39652981626	2895877	4.36343263189
yWithMorphologySequentialStreamDropoutDev_BaselineLanguage_Fast_SaveLast_NoFinePOS.py	Spanish	Spanish	RANDOM_BY_TYPE	13	0.00337954595499	1.39652981626	2895877	4.36343263189
yWithMorphologySequentialStreamDropoutDev_BaselineLanguage_Fast_SaveLast_NoFinePOS.py	Spanish	Spanish	RANDOM_BY_TYPE	14	0.00286341893757	1.39652981626	2895877	4.36343263189
yWithMorphologySequentialStreamDropoutDev_BaselineLanguage_Fast_SaveLast_NoFinePOS.py	Spanish	Spanish	RANDOM_BY_TYPE	15	0.0022736349117	1.39652981626	2895877	4.36343263189
yWithMorphologySequentialStreamDropoutDev_BaselineLanguage_Fast_SaveLast_NoFinePOS.py	Spanish	Spanish	RANDOM_BY_TYPE	16	0.00177581514873	1.39652981626	2895877	4.36343263189
yWithMorphologySequentialStreamDropoutDev_BaselineLanguage_Fast_SaveLast_NoFinePOS.py	Spanish	Spanish	RANDOM_BY_TYPE	17	0.0014599107113	1.39652981626	2895877	4.36343263189
yWithMorphologySequentialStreamDropoutDev_BaselineLanguage_Fast_SaveLast_NoFinePOS.py	Spanish	Spanish	RANDOM_BY_TYPE	18	0.00144709322335	1.39652981626	2895877	4.36343263189
yWithMorphologySequentialStreamDropoutDev_BaselineLanguage_Fast_SaveLast_NoFinePOS.py	Spanish	Spanish	RANDOM_BY_TYPE	19	0.00123744762598	1.39652981626	2895877	4.36343263189
