Language	CoarseDependency	BranchingEntropy
Arabic	flat	0.182405423798
Arabic	cc	0.686121743242
Arabic	orphan	1.14288561534e-09
Arabic	ccomp	0.100045950283
Arabic	csubj	0.0469573726649
Arabic	conj	0.0131462390927
Arabic	acl	0.0149996956209
Arabic	mark	0.112797790308
Arabic	advcl	0.334833840299
Arabic	aux	0.0678265952789
Arabic	parataxis	0.00768609708763
Arabic	xcomp	0.0639663603977
Arabic	nsubj	0.62651605404
Arabic	nummod	0.685458455541
Arabic	advmod	0.523392303078
Arabic	punct	0.535439991546
Arabic	compound	3.96665547695e-10
Arabic	case	0.0219284948354
Arabic	cop	0.0185076533214
Arabic	obl	0.259562103523
Arabic	obj	0.114918772423
Arabic	dep	0.59957178419
Arabic	appos	0.112944579092
Arabic	det	0.382619114583
Arabic	nmod	0.127424166075
Arabic	amod	0.0840214544924
Arabic	iobj	0.0590172209323
Arabic	fixed	3.31905427751e-10
Catalan	cc	0.107115686937
Catalan	orphan	1.82546576025e-08
Catalan	ccomp	0.373446181037
Catalan	csubj	0.547094171586
Catalan	conj	2.0340978467e-11
Catalan	acl	0.0232504662855
Catalan	mark	0.035797426651
Catalan	advcl	0.423899255811
Catalan	aux	0.0633609685722
Catalan	parataxis	0.691728491964
Catalan	flat	1.85389999935e-11
Catalan	nsubj	0.451803941278
Catalan	nummod	0.511971065875
Catalan	advmod	0.637045768011
Catalan	punct	0.674290243093
Catalan	compound	0.0123588914275
Catalan	case	0.0912898637025
Catalan	cop	0.19137783375
Catalan	obl	0.610363002412
Catalan	obj	0.610309225841
Catalan	dep	0.469220348558
Catalan	appos	0.0138929175136
Catalan	det	0.0794242898896
Catalan	xcomp	0.197649496078
Catalan	nmod	0.248447576738
Catalan	amod	0.523107781539
Catalan	iobj	0.692973233803
Catalan	expl	0.121277192053
Catalan	fixed	3.21962104021e-11
Czech	cc	0.137077294831
Czech	orphan	4.75322356879e-11
Czech	ccomp	0.510190358884
Czech	csubj	0.276106141262
Czech	conj	3.09761458892e-12
Czech	acl	0.0360638386674
Czech	vocative	0.675976368055
Czech	mark	0.130396496745
Czech	discourse	0.389864487299
Czech	advcl	0.634967697697
Czech	aux	0.356422315326
Czech	parataxis	0.632471243254
Czech	flat	0.406368159663
Czech	nsubj	0.634335155103
Czech	nummod	0.615041186018
Czech	advmod	0.472794905621
Czech	punct	0.687354151951
Czech	compound	0.565009831932
Czech	case	0.0051568689918
Czech	cop	0.421554377666
Czech	obl	0.680411092468
Czech	obj	0.622576898012
Czech	dep	0.381809895562
Czech	appos	0.0185529135115
Czech	det	0.107372938804
Czech	xcomp	0.270173618342
Czech	nmod	0.266240303576
Czech	amod	0.273364523476
Czech	iobj	0.688017566195
Czech	expl	0.505190188083
Czech	fixed	4.3103409051e-11
Dutch	cc	0.102153460806
Dutch	ccomp	0.279191274099
Dutch	csubj	0.352395366551
Dutch	conj	0.00873928757471
Dutch	acl	0.304366819778
Dutch	mark	0.0928367707557
Dutch	advcl	0.582178204593
Dutch	aux	0.334910976511
Dutch	parataxis	0.433768700589
Dutch	flat	0.0178510879474
Dutch	nsubj	0.504447043545
Dutch	nummod	0.431555052378
Dutch	advmod	0.539507051687
Dutch	punct	0.664248789042
Dutch	compound	0.665729103005
Dutch	case	0.0925180581167
Dutch	cop	0.677698315019
Dutch	obl	0.6906373052
Dutch	obj	0.67752086459
Dutch	appos	0.0195380157425
Dutch	det	0.00440452957876
Dutch	xcomp	0.639602113424
Dutch	nmod	0.511913719347
Dutch	amod	0.155189980598
Dutch	iobj	0.635346799466
Dutch	expl	0.564840898034
Dutch	fixed	0.0196981873177
Finnish	flat	6.6208468529e-11
Finnish	cc	0.0212332316633
Finnish	orphan	0.684616277803
Finnish	reparandum	1.38707934521e-08
Finnish	ccomp	0.250822060181
Finnish	csubj	0.416746905915
Finnish	conj	0.0523797050027
Finnish	acl	0.692937316396
Finnish	vocative	0.692493822985
Finnish	mark	0.0533308334169
Finnish	discourse	0.644759944699
Finnish	advcl	0.592018855769
Finnish	aux	0.098715841407
Finnish	parataxis	0.0338005448318
Finnish	xcomp	0.167860377117
Finnish	nsubj	0.448251818794
Finnish	nummod	0.508550207087
Finnish	advmod	0.641928898008
Finnish	punct	0.542536852279
Finnish	compound	0.557368300895
Finnish	goeswith	0.41011631855
Finnish	case	0.386923138855
Finnish	cop	0.465136847406
Finnish	obl	0.67367822609
Finnish	obj	0.612596639008
Finnish	dep	0.638224509319
Finnish	appos	2.11273272081e-10
Finnish	det	0.0422546898408
Finnish	nmod	0.659813669653
Finnish	amod	0.0402434201632
Finnish	expl	0.14974773651
Finnish	fixed	2.70307808684e-10
French	flat	0.00377433687184
French	cc	0.0287395857378
French	orphan	0.0549721511654
French	reparandum	3.05237011394e-08
French	ccomp	0.152393320723
French	csubj	0.693088105673
French	conj	0.0287103805553
French	acl	0.180421573023
French	vocative	0.372763353839
French	mark	0.0149398685113
French	discourse	0.460731677031
French	advcl	0.561162477697
French	dislocated	0.500402423689
French	aux	0.00597452755692
French	parataxis	0.318525158294
French	xcomp	0.0245551907497
French	nsubj	0.18384874132
French	nummod	0.557411738049
French	advmod	0.636313427368
French	punct	0.609499070811
French	compound	0.679778200725
French	goeswith	0.264052052622
French	case	0.00338408210939
French	cop	0.116772934682
French	obl	0.445941425634
French	obj	0.446809217479
French	dep	0.674351057872
French	appos	0.109501308226
French	det	0.00533073957875
French	nmod	0.0679962470189
French	amod	0.604794747464
French	iobj	0.343106358865
French	expl	0.128503849304
French	fixed	0.00799997941832
German	flat	4.04421044341e-11
German	cc	0.0992717582272
German	ccomp	0.51686386988
German	csubj	0.581115838052
German	conj	2.53992078708e-11
German	acl	0.200247573748
German	mark	0.198814163867
German	advcl	0.605031026259
German	aux	0.63595704816
German	parataxis	0.230433635233
German	xcomp	0.551220030983
German	nsubj	0.519743487866
German	nummod	0.148137595629
German	advmod	0.519835632874
German	punct	0.587636266107
German	compound	0.683722728473
German	case	0.0803728618615
German	cop	0.528346117355
German	obl	0.670427522779
German	obj	0.689512913417
German	dep	0.686995035983
German	appos	0.0629798495651
German	det	0.0238157084954
German	nmod	0.500039237082
German	amod	0.106641413014
German	iobj	0.679844029489
German	expl	0.686029415169
German	fixed	1.71665598073e-09
Hindi	cc	0.0124798240143
Hindi	conj	4.21515222815e-11
Hindi	acl	0.662813656429
Hindi	vocative	0.410116320117
Hindi	mark	0.691175614402
Hindi	advcl	0.245494117356
Hindi	dislocated	0.284198810848
Hindi	aux	0.00780037499205
Hindi	xcomp	0.056937224503
Hindi	nsubj	0.0752890441261
Hindi	nummod	0.0364223312165
Hindi	advmod	0.0839351198869
Hindi	punct	0.464533103918
Hindi	compound	0.0399903042449
Hindi	case	0.0812046865537
Hindi	cop	0.0028892935754
Hindi	obl	0.0161131559591
Hindi	obj	0.566944960322
Hindi	dep	0.424905631527
Hindi	det	4.34236408019e-11
Hindi	nmod	0.109788388063
Hindi	amod	0.122398812591
Hindi	iobj	1.20413236755e-10
Norwegian	flat	2.5411533508e-11
Norwegian	cc	0.00617749069479
Norwegian	orphan	6.41468326753e-10
Norwegian	reparandum	0.174578023086
Norwegian	ccomp	0.035434570482
Norwegian	csubj	0.345840372408
Norwegian	conj	1.35990221924e-11
Norwegian	acl	0.053277634676
Norwegian	mark	0.010080360439
Norwegian	discourse	0.552664622507
Norwegian	advcl	0.467889592527
Norwegian	dislocated	0.0334572780796
Norwegian	aux	0.021524629594
Norwegian	parataxis	0.160357640659
Norwegian	xcomp	0.0846114918816
Norwegian	nsubj	0.447467771131
Norwegian	nummod	0.0249718824076
Norwegian	advmod	0.60835394064
Norwegian	punct	0.345918893183
Norwegian	compound	0.339364776967
Norwegian	goeswith	0.588168777409
Norwegian	case	0.0377111280468
Norwegian	cop	0.147104003219
Norwegian	obl	0.507955329746
Norwegian	obj	0.222748805046
Norwegian	appos	1.42524604707e-10
Norwegian	det	0.0841825938398
Norwegian	nmod	0.594758800307
Norwegian	amod	0.195194377532
Norwegian	iobj	0.471079697972
Norwegian	expl	0.476483243313
Spanish	cc	0.0922215924748
Spanish	orphan	7.8579234947e-09
Spanish	ccomp	0.454139009508
Spanish	csubj	0.546141440632
Spanish	conj	9.5351578108e-12
Spanish	acl	0.121334977791
Spanish	mark	0.0287841101763
Spanish	advcl	0.445808262489
Spanish	aux	0.0705317197927
Spanish	parataxis	0.399329457429
Spanish	flat	1.45721392455e-11
Spanish	nsubj	0.453365205485
Spanish	nummod	0.52636618944
Spanish	advmod	0.598287556506
Spanish	punct	0.676067091714
Spanish	compound	0.322544398852
Spanish	case	0.068189152271
Spanish	cop	0.19734824512
Spanish	obl	0.54347227558
Spanish	obj	0.521111481637
Spanish	dep	0.576975997002
Spanish	appos	0.0641455989388
Spanish	det	0.0489937646001
Spanish	xcomp	0.139437743917
Spanish	nmod	0.140154250096
Spanish	amod	0.58205782272
Spanish	iobj	0.589831776455
Spanish	expl	0.039609104119
Spanish	fixed	2.86886932254e-11
Basque	cc	0.256829544041
Basque	ccomp	0.689582259382
Basque	csubj	0.692293170602
Basque	conj	6.66065583526e-11
Basque	acl	0.182936411691
Basque	vocative	0.613410049556
Basque	mark	0.22371807621
Basque	case	1.80425394407e-10
Basque	discourse	0.632230377824
Basque	advcl	0.663464073054
Basque	aux	0.291237307977
Basque	parataxis	0.114665283059
Basque	flat	1.63074162358e-10
Basque	nsubj	0.487050896338
Basque	nummod	0.691097160912
Basque	advmod	0.484157408592
Basque	punct	0.648115443045
Basque	compound	2.02003002726e-10
Basque	xcomp	0.471934607633
Basque	cop	0.493494213642
Basque	obl	0.573161158899
Basque	obj	0.420420676723
Basque	dep	0.0562323178023
Basque	appos	0.0501881824876
Basque	det	0.667498765546
Basque	nmod	0.314052257172
Basque	amod	0.596259160639
Basque	iobj	0.632486341738
Basque	fixed	1.08081735265e-09
Bulgarian	cc	0.00884367737206
Bulgarian	orphan	6.83976423187e-08
Bulgarian	ccomp	0.234757732999
Bulgarian	csubj	0.480775646138
Bulgarian	conj	0.0019006973145
Bulgarian	acl	0.0579734826107
Bulgarian	vocative	0.691658838721
Bulgarian	mark	1.61658128114e-10
Bulgarian	discourse	0.693100654265
Bulgarian	advcl	0.644779580844
Bulgarian	aux	0.102966660472
Bulgarian	parataxis	0.125574980507
Bulgarian	flat	1.71621268952e-10
Bulgarian	nsubj	0.547537459824
Bulgarian	nummod	0.275818016775
Bulgarian	advmod	0.489002895802
Bulgarian	punct	0.665642926619
Bulgarian	compound	1.00569139029e-07
Bulgarian	goeswith	1.9420680218e-07
Bulgarian	case	0.00280846320928
Bulgarian	cop	0.508299458886
Bulgarian	obl	0.637730483176
Bulgarian	obj	0.485672593102
Bulgarian	appos	0.317936780843
Bulgarian	det	0.681342466207
Bulgarian	xcomp	0.074446620463
Bulgarian	nmod	0.0787758343116
Bulgarian	amod	0.151611575393
Bulgarian	iobj	0.48755480232
Bulgarian	expl	0.393896021495
Bulgarian	fixed	3.95502410752e-10
Croatian	cc	0.0645361995596
Croatian	list	0.376770161865
Croatian	orphan	0.633233695583
Croatian	ccomp	0.0339685443562
Croatian	csubj	0.232788991674
Croatian	conj	0.0247812087964
Croatian	amod	0.0805461915345
Croatian	vocative	0.684616277816
Croatian	mark	0.0986960397634
Croatian	discourse	0.132799541289
Croatian	advcl	0.629540914395
Croatian	dislocated	2.68751527877e-08
Croatian	aux	0.603277913922
Croatian	parataxis	0.516263432612
Croatian	flat	0.0922766143179
Croatian	nsubj	0.539361864924
Croatian	nummod	0.238543641375
Croatian	advmod	0.320421844429
Croatian	punct	0.681538983719
Croatian	compound	0.692925868285
Croatian	goeswith	0.651756561203
Croatian	case	0.0117665482132
Croatian	cop	0.467858488672
Croatian	obl	0.643762055729
Croatian	obj	0.564122714136
Croatian	dep	0.686961576625
Croatian	appos	0.0619183895584
Croatian	det	0.0356149078409
Croatian	xcomp	0.164898911181
Croatian	nmod	0.112856777551
Croatian	acl	0.0487997970229
Croatian	iobj	0.687408093135
Croatian	expl	0.573918886622
Croatian	fixed	3.89782562377e-10
Estonian	flat	3.75148809028e-10
Estonian	cc	0.0269623169912
Estonian	list	0.605797499584
Estonian	orphan	0.39603308999
Estonian	ccomp	0.12060906977
Estonian	csubj	0.276599915017
Estonian	conj	5.84114794024e-11
Estonian	amod	0.159208341412
Estonian	vocative	0.687477789356
Estonian	mark	0.0514692839479
Estonian	discourse	0.39339932252
Estonian	advcl	0.602628400737
Estonian	aux	0.207183623284
Estonian	parataxis	0.329505068511
Estonian	case	0.549207821196
Estonian	nsubj	0.617769108945
Estonian	nummod	0.661045658588
Estonian	advmod	0.612407597753
Estonian	punct	0.675204356771
Estonian	compound	0.665245192868
Estonian	xcomp	0.485931861867
Estonian	cop	0.577547998791
Estonian	obl	0.687742590783
Estonian	obj	0.662735306546
Estonian	dep	1.00569138674e-07
Estonian	appos	6.47755015216e-10
Estonian	det	0.144664864168
Estonian	nmod	0.461508733258
Estonian	acl	0.692503473433
Hebrew	flat	1.14545051784e-10
Hebrew	cc	0.0294551996161
Hebrew	ccomp	0.0767889749843
Hebrew	csubj	0.636514168487
Hebrew	conj	5.50279377946e-11
Hebrew	acl	8.38175756402e-11
Hebrew	mark	5.67070125463e-11
Hebrew	advcl	0.580766196611
Hebrew	dislocated	1.47524872227e-08
Hebrew	aux	0.263645143106
Hebrew	parataxis	0.692034272094
Hebrew	xcomp	0.0277207070521
Hebrew	nsubj	0.599850318082
Hebrew	nummod	0.540062637167
Hebrew	advmod	0.668381154546
Hebrew	punct	0.546262289749
Hebrew	compound	3.55737482164e-11
Hebrew	goeswith	1.00569139029e-07
Hebrew	case	0.00769504973404
Hebrew	cop	0.150915464328
Hebrew	obl	0.546185217455
Hebrew	obj	0.146760947273
Hebrew	dep	0.520116147936
Hebrew	appos	0.0216543296792
Hebrew	det	0.000643116553677
Hebrew	nmod	0.125710070112
Hebrew	amod	4.07751234079e-11
Hebrew	iobj	0.212799076851
Hebrew	fixed	2.89510669718e-10
Japanese	cc	4.40893290321e-10
Japanese	ccomp	8.59501213244e-10
Japanese	csubj	1.21841802101e-09
Japanese	acl	3.16511124244e-11
Japanese	mark	2.83051681718e-11
Japanese	advcl	6.62709400646e-11
Japanese	aux	1.41535898304e-11
Japanese	nsubj	4.40386747805e-11
Japanese	nummod	9.86923031773e-11
Japanese	advmod	7.97923499201e-11
Japanese	punct	0.26091511606
Japanese	compound	0.273819349675
Japanese	case	7.79471706511e-12
Japanese	cop	1.3180709484e-10
Japanese	obl	3.06857372236e-11
Japanese	obj	5.8923926537e-11
Japanese	dep	0.198515244671
Japanese	det	3.41519535029e-10
Japanese	nmod	2.27375030335e-11
Japanese	amod	1.12716288281e-10
Japanese	iobj	6.79126344007e-11
Japanese	fixed	7.84801015206e-10
Polish	flat	6.83976423187e-08
Polish	cc	1.77202687983e-10
Polish	ccomp	0.0571764775133
Polish	csubj	0.562335145992
Polish	conj	1.14824207138e-10
Polish	acl	7.1247340669e-10
Polish	mark	0.0693818439927
Polish	advcl	0.654599321583
Polish	aux	0.668829887239
Polish	xcomp	0.116906849171
Polish	nsubj	0.602434701538
Polish	nummod	0.307035559348
Polish	advmod	0.520105114341
Polish	punct	0.610015276656
Polish	case	0.227723604661
Polish	cop	0.555372478044
Polish	obl	0.635696274924
Polish	obj	0.486059293664
Polish	appos	7.22247323979e-10
Polish	det	0.246696687718
Polish	nmod	0.289572043697
Polish	amod	0.64972115194
Polish	iobj	0.449025140589
Polish	expl	0.517448472921
Polish	fixed	7.8579234947e-09
Romanian	flat	0.0113656516805
Romanian	cc	0.109927902874
Romanian	list	2.40198966963e-08
Romanian	orphan	0.690467808705
Romanian	reparandum	1.9420680218e-07
Romanian	ccomp	0.0398688080844
Romanian	csubj	0.319117734054
Romanian	conj	0.00116167839765
Romanian	acl	0.0382602203151
Romanian	vocative	0.690987812406
Romanian	mark	0.0329578804422
Romanian	discourse	0.505065968148
Romanian	advcl	0.586832134399
Romanian	aux	0.0485222999191
Romanian	parataxis	0.66790198328
Romanian	xcomp	0.331127719753
Romanian	nsubj	0.492094827534
Romanian	nummod	0.690317606135
Romanian	advmod	0.558077043366
Romanian	punct	0.665786278476
Romanian	compound	0.380181946697
Romanian	goeswith	0.0908761214728
Romanian	case	0.0954939144008
Romanian	cop	0.258275895879
Romanian	obl	0.515725132162
Romanian	obj	0.456299687204
Romanian	dep	0.366924991878
Romanian	appos	0.0631246552873
Romanian	det	0.356243460146
Romanian	nmod	0.120156079869
Romanian	amod	0.370904139318
Romanian	iobj	0.678375204776
Romanian	expl	0.211211543557
Romanian	fixed	0.0158066356207
Slovak	flat	0.664831809381
Slovak	cc	0.0595506078329
Slovak	orphan	2.19283206863e-09
Slovak	ccomp	0.6896536349
Slovak	csubj	0.284090094512
Slovak	conj	7.82843920603e-11
Slovak	acl	0.03702483308
Slovak	vocative	0.605797499478
Slovak	mark	0.00481891222117
Slovak	discourse	0.474139313275
Slovak	advcl	0.674256823035
Slovak	aux	0.679594325982
Slovak	parataxis	0.664947202905
Slovak	case	0.0129489554378
Slovak	nsubj	0.630720254322
Slovak	nummod	0.689073066789
Slovak	advmod	0.472387114317
Slovak	punct	0.621339312153
Slovak	compound	4.2060237102e-08
Slovak	xcomp	0.2486368221
Slovak	cop	0.413156263058
Slovak	obl	0.668689578752
Slovak	obj	0.642748670607
Slovak	dep	0.617570850239
Slovak	appos	1.11335851847e-09
Slovak	det	0.100071549312
Slovak	nmod	0.419483369308
Slovak	amod	0.177049497959
Slovak	iobj	0.692661583251
Slovak	expl	0.615418800218
Slovak	fixed	1.50395305017e-09
Slovenian	cc	0.0156492754698
Slovenian	orphan	0.651756561233
Slovenian	reparandum	0.128861551641
Slovenian	ccomp	0.0807385837524
Slovenian	csubj	0.233791658749
Slovenian	conj	5.23081529405e-11
Slovenian	acl	0.0228514103464
Slovenian	vocative	0.692938919538
Slovenian	mark	0.0080422702056
Slovenian	discourse	0.605764715501
Slovenian	advcl	0.675276378087
Slovenian	dislocated	0.675142588599
Slovenian	aux	0.250109413785
Slovenian	parataxis	0.379962400285
Slovenian	flat	0.0161827040164
Slovenian	nsubj	0.587929314242
Slovenian	nummod	0.482413968007
Slovenian	advmod	0.539486073634
Slovenian	punct	0.683894423059
Slovenian	goeswith	3.53540675639e-08
Slovenian	case	0.00273298683221
Slovenian	cop	0.345471512461
Slovenian	obl	0.689031209412
Slovenian	obj	0.676546740518
Slovenian	dep	2.68751527877e-08
Slovenian	appos	6.27767156344e-10
Slovenian	det	0.00491015121927
Slovenian	xcomp	0.195618357649
Slovenian	nmod	0.207701611956
Slovenian	amod	0.120233815629
Slovenian	iobj	0.591356899839
Slovenian	expl	0.278687130168
Slovenian	fixed	4.19544923295e-10
Swedish	flat	5.90025656445e-10
Swedish	cc	0.107591585022
Swedish	list	4.20602361778e-08
Swedish	orphan	0.101264818335
Swedish	reparandum	6.83976429677e-08
Swedish	ccomp	0.0682971267128
Swedish	csubj	0.479661851335
Swedish	conj	4.36047150615e-11
Swedish	acl	0.00323186062131
Swedish	vocative	0.689994458035
Swedish	mark	0.0145378697166
Swedish	discourse	0.22371807621
Swedish	advcl	0.595125842997
Swedish	dislocated	0.692832904264
Swedish	aux	0.0263757086325
Swedish	parataxis	0.141765032961
Swedish	xcomp	0.130449912143
Swedish	nsubj	0.465115771381
Swedish	nummod	0.468375621373
Swedish	advmod	0.643059467173
Swedish	punct	0.442267059398
Swedish	compound	0.0873616557233
Swedish	case	0.075095800962
Swedish	cop	0.286926025483
Swedish	obl	0.472951360079
Swedish	obj	0.207968033954
Swedish	appos	4.07470327474e-10
Swedish	det	0.0075226510217
Swedish	nmod	0.684374268295
Swedish	amod	0.14757310628
Swedish	iobj	0.107700286177
Swedish	expl	0.48350197608
Swedish	fixed	1.39822376783e-10
Afrikaans	cc	0.0805270073292
Afrikaans	ccomp	0.131601480751
Afrikaans	csubj	0.69314718056
Afrikaans	conj	0.0447760333773
Afrikaans	mark	0.256156062111
Afrikaans	aux	0.688713775712
Afrikaans	flat	0.356725723197
Afrikaans	nsubj	0.0905346743709
Afrikaans	nummod	7.04846893293e-10
Afrikaans	advmod	0.640151205666
Afrikaans	punct	0.276904322872
Afrikaans	compound	0.668339701935
Afrikaans	case	0.124659494293
Afrikaans	cop	0.686305949321
Afrikaans	obl	0.69285487472
Afrikaans	obj	0.564383134897
Afrikaans	dep	0.196529896004
Afrikaans	appos	4.41339216745e-09
Afrikaans	det	0.00688872318376
Afrikaans	xcomp	0.250954804454
Afrikaans	nmod	0.301631678902
Afrikaans	amod	0.600633065468
Afrikaans	iobj	0.680292000202
Chinese	flat	8.42878306991e-10
Chinese	cc	0.0659988380743
Chinese	orphan	1.00569139029e-07
Chinese	ccomp	0.418332401354
Chinese	csubj	0.0197832148909
Chinese	conj	9.56651772172e-11
Chinese	amod	0.0122562018997
Chinese	vocative	1.94206803734e-07
Chinese	clf	1.34139260638e-10
Chinese	mark	0.67036786659
Chinese	discourse	0.0343898553669
Chinese	advcl	1.68258029193e-09
Chinese	dislocated	0.163023630066
Chinese	aux	1.9753010572e-10
Chinese	xcomp	0.518187825545
Chinese	nsubj	0.00814156318437
Chinese	nummod	0.0352109907136
Chinese	advmod	0.126709287374
Chinese	punct	0.667501980931
Chinese	case	0.612757448215
Chinese	cop	0.00519872356256
Chinese	obl	0.365287683864
Chinese	obj	0.122883385555
Chinese	dep	0.124373671551
Chinese	appos	0.686354111155
Chinese	det	0.00608622025581
Chinese	nmod	0.0695585123415
Chinese	acl	0.540599139491
Chinese	iobj	3.33568304988e-09
Danish	cc	0.264248325759
Danish	list	0.105640481801
Danish	reparandum	1.00569138674e-07
Danish	ccomp	0.686423791143
Danish	conj	0.124832122038
Danish	acl	0.13688558346
Danish	vocative	0.670008979861
Danish	mark	0.151393207966
Danish	discourse	0.663725497513
Danish	advcl	0.141409231535
Danish	aux	0.0944151707609
Danish	parataxis	1.9420680218e-07
Danish	flat	1.83405674953e-10
Danish	nsubj	0.442697565873
Danish	nummod	0.45337373476
Danish	advmod	0.654125366227
Danish	punct	0.339631861365
Danish	compound	0.445322090115
Danish	goeswith	3.53540675639e-08
Danish	case	0.14742057257
Danish	cop	0.210966564016
Danish	obl	0.467628874936
Danish	obj	0.207274828732
Danish	dep	0.460276661819
Danish	appos	0.0931336384423
Danish	det	0.0157140625264
Danish	xcomp	0.621948114858
Danish	nmod	0.542254365227
Danish	amod	0.39936775061
Danish	iobj	0.275266364447
Danish	expl	0.519117742938
Danish	fixed	5.90025656445e-10
Greek	cc	0.0864011540048
Greek	orphan	0.36692499134
Greek	ccomp	0.149403179348
Greek	csubj	0.115898822513
Greek	conj	0.00475691315385
Greek	acl	0.204144162026
Greek	vocative	0.509079299241
Greek	mark	0.0432222618167
Greek	discourse	0.450561210655
Greek	advcl	0.561088954671
Greek	aux	0.0251440699428
Greek	parataxis	0.500402423705
Greek	xcomp	0.11130242476
Greek	nsubj	0.581651914368
Greek	nummod	0.189208980609
Greek	advmod	0.659498008446
Greek	punct	0.680420142095
Greek	compound	0.0748759738197
Greek	case	0.0357510729635
Greek	cop	0.400031342949
Greek	obl	0.547869288298
Greek	obj	0.449071666844
Greek	dep	0.376770162169
Greek	appos	1.24190861685e-09
Greek	det	0.0853568507043
Greek	nmod	0.323906777474
Greek	amod	0.15190823037
Greek	iobj	0.418419855159
Greek	expl	1.57569557735e-08
Greek	fixed	4.57892405744e-09
Hungarian	cc	0.501225269538
Hungarian	list	1.57569563432e-08
Hungarian	orphan	0.48257756532
Hungarian	ccomp	0.372204681369
Hungarian	csubj	0.334532427771
Hungarian	conj	0.196559204985
Hungarian	acl	0.0825649381963
Hungarian	vocative	1.94206803734e-07
Hungarian	mark	0.0930914969601
Hungarian	discourse	1.94206803734e-07
Hungarian	advcl	0.623787335982
Hungarian	dislocated	1.9420680218e-07
Hungarian	aux	0.691761498855
Hungarian	parataxis	0.61245451125
Hungarian	flat	0.485342976316
Hungarian	nsubj	0.55107992809
Hungarian	nummod	0.0249819411886
Hungarian	advmod	0.343103039971
Hungarian	punct	0.619503646962
Hungarian	compound	0.651756561176
Hungarian	goeswith	6.83976423187e-08
Hungarian	case	0.0222458037585
Hungarian	cop	0.570756402784
Hungarian	obl	0.430815090927
Hungarian	obj	0.684793052176
Hungarian	dep	1.94206803734e-07
Hungarian	appos	0.458846842491
Hungarian	det	0.004305082033
Hungarian	xcomp	0.309030141123
Hungarian	nmod	0.445882164888
Hungarian	amod	0.0353803230887
Hungarian	iobj	0.682014817604
North_Sami	cc	0.367789517754
North_Sami	ccomp	0.280738563101
North_Sami	csubj	0.160680562606
North_Sami	conj	3.00029272085e-10
North_Sami	amod	0.0480949358868
North_Sami	vocative	0.62108637474
North_Sami	mark	0.0136319456684
North_Sami	case	0.292649935479
North_Sami	discourse	0.689191344305
North_Sami	advcl	0.350788970301
North_Sami	aux	0.0993363816103
North_Sami	parataxis	0.264052051892
North_Sami	flat	1.88221006256e-09
North_Sami	nsubj	0.500065555648
North_Sami	nummod	0.234499248131
North_Sami	advmod	0.67782563502
North_Sami	punct	0.287847686114
North_Sami	compound	0.0895780273576
North_Sami	xcomp	0.220348927275
North_Sami	cop	0.27335262922
North_Sami	obl	0.622759882049
North_Sami	obj	0.482823172967
North_Sami	appos	3.47649547182e-09
North_Sami	det	0.249723639688
North_Sami	nmod	0.403255470826
North_Sami	acl	0.474830927026
Persian	cc	0.0747452974328
Persian	ccomp	0.018634122922
Persian	conj	3.60148336119e-11
Persian	acl	0.00637485757675
Persian	vocative	0.589002605039
Persian	mark	0.0101287127736
Persian	advcl	0.497180363874
Persian	dislocated	0.148042247356
Persian	aux	0.687944955918
Persian	parataxis	0.291828222326
Persian	flat	0.00293772684847
Persian	nsubj	0.0570984090346
Persian	nummod	0.375630191609
Persian	advmod	0.174380434723
Persian	punct	0.64932507982
Persian	compound	0.0289315101319
Persian	case	0.397023457422
Persian	cop	0.015191608388
Persian	obl	0.106669888452
Persian	obj	0.0877550552114
Persian	dep	0.537748169548
Persian	appos	0.101264817637
Persian	det	7.55005296213e-11
Persian	xcomp	0.206192050695
Persian	nmod	0.368607318595
Persian	amod	0.244452322171
Persian	fixed	1.7420146654e-10
Serbian	cc	0.0408872761596
Serbian	list	1.98350715121e-08
Serbian	orphan	0.402160871988
Serbian	ccomp	2.49155024975e-10
Serbian	csubj	0.128318705751
Serbian	conj	9.51848120715e-11
Serbian	acl	0.0535621871995
Serbian	vocative	1.94206803734e-07
Serbian	mark	0.0035573064316
Serbian	discourse	0.366924991328
Serbian	advcl	0.599939568962
Serbian	aux	0.629657231167
Serbian	parataxis	0.456004083954
Serbian	flat	1.07568881208e-10
Serbian	nsubj	0.534860960116
Serbian	nummod	0.163572078308
Serbian	advmod	0.302001518015
Serbian	punct	0.680918620489
Serbian	compound	0.540911491524
Serbian	goeswith	0.661563238238
Serbian	case	0.00247174855699
Serbian	cop	0.363057817039
Serbian	obl	0.526325670626
Serbian	obj	0.366657065934
Serbian	dep	0.636514169065
Serbian	appos	0.0958305603721
Serbian	det	0.0153758617064
Serbian	xcomp	0.227161933061
Serbian	nmod	0.0460417398318
Serbian	amod	0.0258491232222
Serbian	iobj	0.69314718056
Serbian	fixed	6.67392033838e-10
Turkish	cc	0.323237812791
Turkish	ccomp	0.139060799461
Turkish	csubj	3.05237011394e-08
Turkish	conj	0.507069478752
Turkish	acl	0.0356747306283
Turkish	mark	0.148042247356
Turkish	discourse	0.68088998727
Turkish	aux	1.5218702845e-09
Turkish	parataxis	0.376770163081
Turkish	flat	0.0594977281489
Turkish	nsubj	0.286318667917
Turkish	nummod	0.0454677977689
Turkish	advmod	0.658704327369
Turkish	punct	0.635029190568
Turkish	compound	0.205558770573
Turkish	case	0.123087666484
Turkish	cop	0.0110467368534
Turkish	obl	0.217705645417
Turkish	obj	0.187834486257
Turkish	appos	0.641317327396
Turkish	det	0.0390453823247
Turkish	nmod	0.109573676652
Turkish	amod	0.109063581523
Turkish	fixed	6.7491297533e-09
Ukrainian	cc	8.30132719624e-11
Ukrainian	list	5.20174374586e-08
Ukrainian	orphan	0.271189374659
Ukrainian	reparandum	1.94206803734e-07
Ukrainian	ccomp	0.0895780267538
Ukrainian	csubj	0.354430519825
Ukrainian	conj	0.00389557069728
Ukrainian	acl	0.0225482838477
Ukrainian	vocative	0.688279129317
Ukrainian	mark	0.00514260129786
Ukrainian	discourse	0.459300325427
Ukrainian	advcl	0.645930130948
Ukrainian	dislocated	0.598269588866
Ukrainian	aux	0.641812741788
Ukrainian	parataxis	0.383411117869
Ukrainian	flat	0.00641890498383
Ukrainian	nsubj	0.526066551825
Ukrainian	nummod	0.12867098183
Ukrainian	advmod	0.417495188994
Ukrainian	punct	0.693033221151
Ukrainian	compound	0.65532883759
Ukrainian	goeswith	0.500402425202
Ukrainian	case	0.00439262984633
Ukrainian	cop	0.548689995358
Ukrainian	obl	0.636550964925
Ukrainian	obj	0.56590703449
Ukrainian	appos	5.10741880812e-10
Ukrainian	det	0.139825529533
Ukrainian	xcomp	0.231697013661
Ukrainian	nmod	0.0588772863991
Ukrainian	amod	0.187132324044
Ukrainian	iobj	0.656321242015
Ukrainian	expl	0.479165624043
Ukrainian	fixed	1.44450073609e-09
Vietnamese	cc	0.549416804949
Vietnamese	list	3.05237001288e-08
Vietnamese	ccomp	0.0981256817969
Vietnamese	csubj	3.20604672413e-09
Vietnamese	conj	2.33873903739e-10
Vietnamese	vocative	0.673011667171
Vietnamese	mark	0.406820961388
Vietnamese	discourse	0.6912114517
Vietnamese	advcl	0.628453704503
Vietnamese	aux	0.372241113407
Vietnamese	parataxis	0.381065614179
Vietnamese	case	0.136884361174
Vietnamese	nsubj	0.0805095162502
Vietnamese	nummod	0.502426927518
Vietnamese	advmod	0.557004976843
Vietnamese	punct	0.594786342983
Vietnamese	compound	0.574255365477
Vietnamese	xcomp	0.112817561461
Vietnamese	cop	8.88744223284e-10
Vietnamese	obl	0.668761202706
Vietnamese	obj	0.174588927868
Vietnamese	dep	0.685929800255
Vietnamese	appos	0.0935999639632
Vietnamese	det	0.693121851386
Vietnamese	nmod	0.199863694899
Vietnamese	amod	0.374300334551
Vietnamese	iobj	6.74912917228e-09
Amharic-Adap	flat	5.20174374586e-08
Amharic-Adap	cc	0.418746471866
Amharic-Adap	ccomp	0.276190922589
Amharic-Adap	csubj	0.114665283059
Amharic-Adap	conj	4.85247574983e-09
Amharic-Adap	amod	0.239217094192
Amharic-Adap	clf	1.94206803734e-07
Amharic-Adap	mark	0.43103172958
Amharic-Adap	discourse	0.35650114406
Amharic-Adap	advcl	0.0441224479158
Amharic-Adap	aux	0.250954804428
Amharic-Adap	parataxis	0.450561210655
Amharic-Adap	xcomp	0.0766488010763
Amharic-Adap	nsubj	0.686814866002
Amharic-Adap	nummod	0.121692403578
Amharic-Adap	advmod	0.194268459298
Amharic-Adap	punct	2.41907416246e-10
Amharic-Adap	compound	0.116906849573
Amharic-Adap	goeswith	0.429323022838
Amharic-Adap	case	0.691123558327
Amharic-Adap	cop	0.133708143149
Amharic-Adap	obl	0.144098227484
Amharic-Adap	obj	0.375065690857
Amharic-Adap	dep	1.00569139029e-07
Amharic-Adap	det	0.424342019745
Amharic-Adap	nmod	0.593727912809
Amharic-Adap	acl	0.21812136011
Amharic-Adap	iobj	0.673011667036
Amharic-Adap	expl	0.433077113888
Amharic-Adap	fixed	6.83976423187e-08
Armenian-Adap	cc	0.0632548331815
Armenian-Adap	list	6.83976423187e-08
Armenian-Adap	orphan	0.65810998758
Armenian-Adap	ccomp	0.126023287659
Armenian-Adap	csubj	0.41011631855
Armenian-Adap	conj	3.41520086217e-10
Armenian-Adap	acl	0.69314718056
Armenian-Adap	vocative	5.20174375093e-08
Armenian-Adap	mark	1.18483320094e-09
Armenian-Adap	discourse	0.332594214607
Armenian-Adap	advcl	0.686401434721
Armenian-Adap	aux	0.665620244765
Armenian-Adap	parataxis	0.659904035967
Armenian-Adap	flat	1.42046251492e-09
Armenian-Adap	nsubj	0.443237908485
Armenian-Adap	nummod	1.95491631092e-09
Armenian-Adap	advmod	0.45112786503
Armenian-Adap	punct	0.649248354872
Armenian-Adap	compound	0.609887248543
Armenian-Adap	goeswith	3.53540675639e-08
Armenian-Adap	case	0.483903079578
Armenian-Adap	cop	0.335586452829
Armenian-Adap	obl	0.641804081623
Armenian-Adap	obj	0.660602774772
Armenian-Adap	dep	0.673011667171
Armenian-Adap	appos	0.276190922679
Armenian-Adap	det	5.86115552267e-10
Armenian-Adap	xcomp	0.636514168312
Armenian-Adap	nmod	0.105060651433
Armenian-Adap	amod	3.31903739883e-10
Armenian-Adap	iobj	0.636514168354
Armenian-Adap	fixed	2.8722296384e-09
Breton-Adap	flat	9.80703357473e-09
Breton-Adap	cc	0.131197811129
Breton-Adap	list	1.00569139029e-07
Breton-Adap	orphan	1.00569139029e-07
Breton-Adap	ccomp	8.12603074563e-09
Breton-Adap	csubj	0.264052052622
Breton-Adap	conj	1.05015890024e-09
Breton-Adap	acl	0.0804848373816
Breton-Adap	vocative	1.00569139029e-07
Breton-Adap	mark	1.53099091494e-09
Breton-Adap	discourse	0.69314718056
Breton-Adap	advcl	0.378377887338
Breton-Adap	dislocated	0.636514169065
Breton-Adap	aux	0.636721186125
Breton-Adap	parataxis	0.554789602506
Breton-Adap	xcomp	0.0870995238648
Breton-Adap	nsubj	0.692823178624
Breton-Adap	nummod	0.0574179234909
Breton-Adap	advmod	0.674652815722
Breton-Adap	punct	0.48384795706
Breton-Adap	compound	0.206192051994
Breton-Adap	case	0.00809853042147
Breton-Adap	cop	0.67969835149
Breton-Adap	obl	0.459851142857
Breton-Adap	obj	0.328979071806
Breton-Adap	dep	0.499116135395
Breton-Adap	appos	5.91903584715e-09
Breton-Adap	det	0.0313036805583
Breton-Adap	nmod	0.0398825787069
Breton-Adap	amod	0.347235675453
Breton-Adap	expl	1.00569139029e-07
Breton-Adap	fixed	3.53540675639e-08
Buryat-Adap	cc	0.504126414842
Buryat-Adap	list	1.69120235942e-08
Buryat-Adap	orphan	6.83976423187e-08
Buryat-Adap	ccomp	0.610864302224
Buryat-Adap	csubj	2.68751527877e-08
Buryat-Adap	conj	9.10454079605e-10
Buryat-Adap	acl	0.222763242655
Buryat-Adap	vocative	4.2060237102e-08
Buryat-Adap	mark	0.623654849718
Buryat-Adap	case	0.170529856645
Buryat-Adap	discourse	0.628490577709
Buryat-Adap	advcl	0.676403727223
Buryat-Adap	dislocated	1.9420680218e-07
Buryat-Adap	aux	1.49515670782e-09
Buryat-Adap	parataxis	0.271891555659
Buryat-Adap	flat	8.97918141406e-10
Buryat-Adap	nsubj	0.0191242052334
Buryat-Adap	nummod	0.239217093942
Buryat-Adap	advmod	0.237293012671
Buryat-Adap	punct	0.424342019727
Buryat-Adap	compound	0.067368034973
Buryat-Adap	goeswith	1.00569139029e-07
Buryat-Adap	xcomp	0.330680630942
Buryat-Adap	cop	0.0685932184792
Buryat-Adap	obj	0.0626427563001
Buryat-Adap	appos	3.85763179849e-09
Buryat-Adap	det	0.241845932776
Buryat-Adap	nmod	0.0984069063705
Buryat-Adap	amod	0.0759287912581
Buryat-Adap	iobj	6.22475637092e-09
Buryat-Adap	fixed	3.47649547182e-09
Cantonese-Adap	flat	6.83976423187e-08
Cantonese-Adap	cc	0.465999257547
Cantonese-Adap	reparandum	3.91917089694e-09
Cantonese-Adap	ccomp	0.231179837047
Cantonese-Adap	csubj	3.05237011394e-08
Cantonese-Adap	conj	7.64237084945e-10
Cantonese-Adap	amod	7.15200522384e-09
Cantonese-Adap	vocative	0.173205207947
Cantonese-Adap	clf	3.42822702699e-09
Cantonese-Adap	mark	0.680629487905
Cantonese-Adap	discourse	0.398404097721
Cantonese-Adap	advcl	0.403381826572
Cantonese-Adap	dislocated	2.17232657687e-08
Cantonese-Adap	aux	0.680918428011
Cantonese-Adap	parataxis	2.97533612655e-09
Cantonese-Adap	case	0.680082904841
Cantonese-Adap	nsubj	0.182836586609
Cantonese-Adap	nummod	2.71568377182e-09
Cantonese-Adap	advmod	0.372480718474
Cantonese-Adap	punct	0.294304314836
Cantonese-Adap	compound	0.36573379079
Cantonese-Adap	xcomp	4.95124162295e-09
Cantonese-Adap	cop	5.16163184598e-09
Cantonese-Adap	obl	0.53077482535
Cantonese-Adap	obj	0.153813854891
Cantonese-Adap	appos	2.40198966963e-08
Cantonese-Adap	det	0.0589144328969
Cantonese-Adap	nmod	4.33512312319e-09
Cantonese-Adap	acl	0.685692588455
Cantonese-Adap	iobj	2.40198966963e-08
Faroese-Adap	flat	4.75765344841e-09
Faroese-Adap	cc	0.0225321441111
Faroese-Adap	orphan	1.00569139029e-07
Faroese-Adap	ccomp	0.214559156576
Faroese-Adap	csubj	0.348832096742
Faroese-Adap	conj	8.56684565025e-10
Faroese-Adap	acl	0.173205207348
Faroese-Adap	mark	0.140760122269
Faroese-Adap	discourse	1.9420680218e-07
Faroese-Adap	advcl	0.489551893793
Faroese-Adap	aux	0.192813450117
Faroese-Adap	parataxis	1.81481742834e-09
Faroese-Adap	xcomp	0.188112928052
Faroese-Adap	nsubj	0.388463202353
Faroese-Adap	nummod	0.0985610468976
Faroese-Adap	advmod	0.652630953056
Faroese-Adap	punct	0.368603216042
Faroese-Adap	compound	0.669327963334
Faroese-Adap	case	0.0352109907461
Faroese-Adap	cop	0.348303656975
Faroese-Adap	obl	0.495092733551
Faroese-Adap	obj	0.124909052508
Faroese-Adap	dep	0.612821904177
Faroese-Adap	appos	8.12603074563e-09
Faroese-Adap	det	1.3388922345e-09
Faroese-Adap	nmod	0.267567912623
Faroese-Adap	amod	0.0545139253741
Faroese-Adap	iobj	1.9420680218e-07
Faroese-Adap	expl	1.2395029201e-08
Kazakh-Adap	cc	0.12372972647
Kazakh-Adap	orphan	0.429323022838
Kazakh-Adap	ccomp	2.13699718659e-09
Kazakh-Adap	csubj	0.0723777900859
Kazakh-Adap	conj	6.54166326094e-10
Kazakh-Adap	amod	0.0281892519792
Kazakh-Adap	vocative	0.661563238318
Kazakh-Adap	clf	6.83976423187e-08
Kazakh-Adap	mark	1.00569138674e-07
Kazakh-Adap	discourse	0.685314207283
Kazakh-Adap	advcl	0.0352109908502
Kazakh-Adap	aux	1.08081735265e-09
Kazakh-Adap	parataxis	0.643491553051
Kazakh-Adap	flat	3.29129591632e-09
Kazakh-Adap	nsubj	0.0314790659996
Kazakh-Adap	nummod	2.06691064597e-09
Kazakh-Adap	advmod	0.53354528456
Kazakh-Adap	punct	0.60582348018
Kazakh-Adap	compound	0.139060798706
Kazakh-Adap	case	0.114119533465
Kazakh-Adap	cop	1.48646255045e-09
Kazakh-Adap	obl	0.0188559180236
Kazakh-Adap	obj	0.0143776962224
Kazakh-Adap	dep	2.13699718659e-09
Kazakh-Adap	appos	3.16508690739e-09
Kazakh-Adap	det	1.15825497071e-09
Kazakh-Adap	xcomp	1.69120231519e-08
Kazakh-Adap	nmod	0.0204055220054
Kazakh-Adap	acl	0.0584062651675
Kazakh-Adap	iobj	4.2060237102e-08
Kurmanji-Adap	flat	2.06691042427e-09
Kurmanji-Adap	cc	0.351420288037
Kurmanji-Adap	orphan	0.69314718056
Kurmanji-Adap	ccomp	0.0429247953748
Kurmanji-Adap	csubj	1.9420680218e-07
Kurmanji-Adap	conj	5.31093566713e-10
Kurmanji-Adap	acl	0.0775700382999
Kurmanji-Adap	mark	0.147403736831
Kurmanji-Adap	discourse	0.257318641329
Kurmanji-Adap	advcl	0.537544412568
Kurmanji-Adap	dislocated	1.00569138674e-07
Kurmanji-Adap	aux	0.102966660725
Kurmanji-Adap	parataxis	0.0731901297315
Kurmanji-Adap	xcomp	0.545594574336
Kurmanji-Adap	nsubj	0.0313145805319
Kurmanji-Adap	nummod	0.504126414842
Kurmanji-Adap	advmod	0.111474023557
Kurmanji-Adap	punct	0.600977140045
Kurmanji-Adap	compound	0.236469859357
Kurmanji-Adap	case	0.612886801836
Kurmanji-Adap	cop	0.28113611226
Kurmanji-Adap	obl	3.05237011394e-08
Kurmanji-Adap	obj	0.185327809841
Kurmanji-Adap	dep	0.228074088917
Kurmanji-Adap	appos	7.60729331033e-09
Kurmanji-Adap	det	1.20138629307e-09
Kurmanji-Adap	nmod	0.6895077771
Kurmanji-Adap	amod	0.15963990338
Kurmanji-Adap	fixed	2.33547573993e-09
Naija-Adap	flat	1.98350715121e-08
Naija-Adap	cc	1.75216940695e-09
Naija-Adap	list	1.98350715121e-08
Naija-Adap	orphan	0.571022711108
Naija-Adap	reparandum	1.94206803734e-07
Naija-Adap	ccomp	1.23595000365e-09
Naija-Adap	csubj	0.592953317614
Naija-Adap	conj	8.73874088487e-10
Naija-Adap	amod	0.11251593433
Naija-Adap	vocative	0.61086430214
Naija-Adap	mark	4.06239376155e-10
Naija-Adap	discourse	0.479528830282
Naija-Adap	advcl	0.689878644935
Naija-Adap	dislocated	0.0375586641687
Naija-Adap	aux	2.93563969017e-10
Naija-Adap	parataxis	0.414223213948
Naija-Adap	xcomp	1.5218702845e-09
Naija-Adap	nsubj	0.0529393633097
Naija-Adap	nummod	0.129740695669
Naija-Adap	advmod	0.687633912058
Naija-Adap	punct	0.687861878533
Naija-Adap	compound	0.549240919311
Naija-Adap	goeswith	5.20174374586e-08
Naija-Adap	case	0.0439858145969
Naija-Adap	cop	9.36626537482e-10
Naija-Adap	obl	0.328166680869
Naija-Adap	obj	0.0477019564407
Naija-Adap	appos	1.00569139029e-07
Naija-Adap	det	0.309187793771
Naija-Adap	nmod	0.599898019278
Naija-Adap	acl	8.73874088487e-10
Naija-Adap	iobj	7.60729331033e-09
Naija-Adap	expl	1.00569138674e-07
Naija-Adap	fixed	4.11644572002e-09
Thai-Adap	flat	5.05901792494e-10
Thai-Adap	cc	0.0379998351423
Thai-Adap	reparandum	1.94206803734e-07
Thai-Adap	ccomp	0.344610432151
Thai-Adap	csubj	4.75765327992e-09
Thai-Adap	conj	3.9148117872e-10
Thai-Adap	acl	0.00966807746484
Thai-Adap	vocative	1.94206803734e-07
Thai-Adap	clf	1.00931470389e-09
Thai-Adap	mark	4.60587349578e-10
Thai-Adap	discourse	7.8579234947e-09
Thai-Adap	advcl	0.45305940881
Thai-Adap	dislocated	1.00569138674e-07
Thai-Adap	aux	0.501492058308
Thai-Adap	parataxis	4.20602361778e-08
Thai-Adap	xcomp	0.0950301173041
Thai-Adap	nsubj	0.00498685965808
Thai-Adap	nummod	0.634634588337
Thai-Adap	advmod	0.684934111142
Thai-Adap	punct	0.691821984348
Thai-Adap	compound	0.024022601381
Thai-Adap	goeswith	5.20174374586e-08
Thai-Adap	case	0.0499521466883
Thai-Adap	cop	5.90025611431e-10
Thai-Adap	obl	0.439112071245
Thai-Adap	obj	0.280568566251
Thai-Adap	dep	0.086503087928
Thai-Adap	appos	6.99236416525e-10
Thai-Adap	det	0.677443561412
Thai-Adap	nmod	0.090107599625
Thai-Adap	amod	0.299484825213
Thai-Adap	iobj	1.00569139029e-07
Thai-Adap	fixed	7.57623760858e-10
Uyghur-Adap	cc	0.0703762354951
Uyghur-Adap	orphan	1.9420680218e-07
Uyghur-Adap	ccomp	0.138726336259
Uyghur-Adap	csubj	4.5789228727e-09
Uyghur-Adap	conj	3.41520086217e-10
Uyghur-Adap	acl	0.0239803880707
Uyghur-Adap	vocative	0.429323022233
Uyghur-Adap	mark	0.681467046305
Uyghur-Adap	discourse	0.281811740964
Uyghur-Adap	advcl	0.0965089607728
Uyghur-Adap	dislocated	0.540204142888
Uyghur-Adap	aux	0.131382487715
Uyghur-Adap	parataxis	0.0790953782762
Uyghur-Adap	flat	5.39113631224e-09
Uyghur-Adap	nsubj	0.144790867177
Uyghur-Adap	nummod	0.0319269334203
Uyghur-Adap	advmod	0.0773898533556
Uyghur-Adap	punct	0.24800198831
Uyghur-Adap	compound	0.00990159807543
Uyghur-Adap	case	0.104195771716
Uyghur-Adap	cop	0.16929416132
Uyghur-Adap	obl	0.0250988078689
Uyghur-Adap	obj	0.00892417368221
Uyghur-Adap	dep	0.398307114009
Uyghur-Adap	appos	0.519579839206
Uyghur-Adap	det	0.010949217742
Uyghur-Adap	xcomp	1.00569139029e-07
Uyghur-Adap	nmod	0.0207519952324
Uyghur-Adap	amod	0.00465349989074
Uyghur-Adap	fixed	4.25963991269e-09
Bambara-Adap	cc	0.0785157647122
Bambara-Adap	orphan	1.47524884619e-08
Bambara-Adap	ccomp	3.01140664779e-09
Bambara-Adap	csubj	1.00569139029e-07
Bambara-Adap	conj	3.68430463308e-09
Bambara-Adap	amod	3.24809909664e-09
Bambara-Adap	vocative	0.610864302086
Bambara-Adap	mark	0.259349582564
Bambara-Adap	discourse	0.642289215497
Bambara-Adap	reparandum	0.500402425202
Bambara-Adap	dislocated	0.286835983472
Bambara-Adap	aux	0.0424904051711
Bambara-Adap	parataxis	3.44560241099e-10
Bambara-Adap	flat	3.16508690739e-09
Bambara-Adap	advmod	0.57396449161
Bambara-Adap	nsubj	0.00459588704042
Bambara-Adap	nummod	3.74028775048e-09
Bambara-Adap	advcl	0.609827468277
Bambara-Adap	punct	0.061916713718
Bambara-Adap	compound	3.16508690739e-09
Bambara-Adap	case	0.25589331928
Bambara-Adap	obl	0.221383853238
Bambara-Adap	obj	0.00762803962729
Bambara-Adap	dep	0.529706199831
Bambara-Adap	appos	1.06977169869e-08
Bambara-Adap	det	0.442536891052
Bambara-Adap	xcomp	0.0339166608697
Bambara-Adap	nmod	0.0210063602244
Bambara-Adap	acl	0.462036909614
Bambara-Adap	fixed	7.60729331033e-09
Erzya-Adap	flat	6.94460417232e-09
Erzya-Adap	cc	0.0532463494501
Erzya-Adap	orphan	0.627941588835
Erzya-Adap	ccomp	0.100436761739
Erzya-Adap	csubj	0.486912709891
Erzya-Adap	conj	2.66101410021e-10
Erzya-Adap	acl	0.642912439677
Erzya-Adap	vocative	0.667431707675
Erzya-Adap	mark	0.0902219717127
Erzya-Adap	discourse	0.606256640316
Erzya-Adap	advcl	0.633049249102
Erzya-Adap	dislocated	0.686961576625
Erzya-Adap	aux	0.187257492417
Erzya-Adap	parataxis	0.546851992272
Erzya-Adap	xcomp	0.428778504029
Erzya-Adap	nsubj	0.651612350825
Erzya-Adap	nummod	1.95491631092e-09
Erzya-Adap	advmod	0.457726420334
Erzya-Adap	punct	0.688536351908
Erzya-Adap	compound	0.690820996124
Erzya-Adap	goeswith	0.161143214158
Erzya-Adap	case	0.044961931011
Erzya-Adap	cop	0.456861795985
Erzya-Adap	obl	0.686897008634
Erzya-Adap	obj	0.676569917118
Erzya-Adap	dep	1.9420680218e-07
Erzya-Adap	appos	0.0957632938181
Erzya-Adap	det	0.127968543378
Erzya-Adap	nmod	0.244585590267
Erzya-Adap	amod	0.0443522214807
Erzya-Adap	expl	3.05237011394e-08
Erzya-Adap	fixed	2.7156828732e-09
Maltese	flat	3.97249758273e-10
Maltese	cc	0.0135662317479
Maltese	list	0.616865486986
Maltese	orphan	1.00569139029e-07
Maltese	reparandum	1.9420680218e-07
Maltese	ccomp	0.0253915469738
Maltese	csubj	0.686961576611
Maltese	conj	2.1094979662e-10
Maltese	acl	0.0204928537641
Maltese	vocative	0.636514168365
Maltese	mark	0.0145336611823
Maltese	discourse	0.518785518503
Maltese	advcl	0.662002020148
Maltese	dislocated	3.05237011394e-08
Maltese	aux	0.0169327054266
Maltese	parataxis	0.34520662552
Maltese	xcomp	0.00813503662086
Maltese	nsubj	0.5569645846
Maltese	nummod	0.619687062279
Maltese	advmod	0.615565936939
Maltese	punct	0.345904808896
Maltese	compound	0.535959889254
Maltese	goeswith	2.68751549765e-08
Maltese	case	0.205756350971
Maltese	cop	0.155016589254
Maltese	obl	0.586863844493
Maltese	obj	0.196220429487
Maltese	dep	1.00569139029e-07
Maltese	appos	0.0426681165614
Maltese	det	0.120581570306
Maltese	nmod	0.0338040508692
Maltese	amod	0.539312624577
Maltese	iobj	0.297229111535
Maltese	expl	1.2395029201e-08
Maltese	fixed	1.97015002885e-09
Latvian	cc	0.0121277938842
Latvian	orphan	0.61724176997
Latvian	ccomp	0.2633206165
Latvian	csubj	0.0825649383567
Latvian	conj	6.47787356991e-11
Latvian	acl	0.27846066346
Latvian	vocative	0.687786823
Latvian	mark	0.0142878475911
Latvian	discourse	0.450070491219
Latvian	advcl	0.652076950616
Latvian	aux	0.165980101065
Latvian	parataxis	0.677191480205
Latvian	flat	3.60149801314e-10
Latvian	nsubj	0.533475783726
Latvian	nummod	0.159192066632
Latvian	advmod	0.413533756835
Latvian	punct	0.692613609135
Latvian	compound	0.0601383745596
Latvian	goeswith	1.00569139029e-07
Latvian	case	0.0892650013681
Latvian	cop	0.338986002519
Latvian	obl	0.691063701222
Latvian	obj	0.630111275878
Latvian	dep	0.686703313667
Latvian	appos	5.20174374586e-08
Latvian	det	0.0739624502967
Latvian	xcomp	0.191888244331
Latvian	nmod	0.326367879155
Latvian	amod	0.0278480623134
Latvian	iobj	0.609748710772
Latvian	fixed	1.38707945121e-08
Indonesian	cc	0.22917539186
Indonesian	ccomp	0.208661177488
Indonesian	csubj	6.94460247742e-09
Indonesian	conj	6.46508625941e-11
Indonesian	acl	0.0947552164722
Indonesian	mark	0.11832476511
Indonesian	advcl	0.517182252016
Indonesian	aux	6.83976429677e-08
Indonesian	parataxis	0.366707776452
Indonesian	flat	2.77740473864e-11
Indonesian	nsubj	0.086767065347
Indonesian	nummod	0.681810213702
Indonesian	advmod	0.361536020246
Indonesian	punct	0.561891695545
Indonesian	compound	0.100182037678
Indonesian	case	0.150965868826
Indonesian	cop	0.0672538267061
Indonesian	obl	0.485984838394
Indonesian	obj	0.21507135327
Indonesian	dep	0.313643912707
Indonesian	appos	0.0835398289331
Indonesian	det	0.689430417187
Indonesian	xcomp	0.323837814498
Indonesian	nmod	0.134880218495
Indonesian	amod	0.349667805526
Indonesian	iobj	0.206192051994
Indonesian	fixed	4.65389958129e-10
Urdu	cc	0.0204113192749
Urdu	conj	0.00262594027094
Urdu	acl	0.692443283853
Urdu	vocative	1.47524872227e-08
Urdu	mark	0.688251072604
Urdu	advcl	0.515115170296
Urdu	dislocated	0.268763092797
Urdu	aux	0.0248088142537
Urdu	xcomp	0.0657305081274
Urdu	nsubj	0.0416684381645
Urdu	nummod	0.174994573223
Urdu	advmod	0.0914418803141
Urdu	punct	0.364377121713
Urdu	compound	0.0488705924733
Urdu	case	0.132590390436
Urdu	cop	2.46025808054e-10
Urdu	obl	0.11879088815
Urdu	obj	0.573190303004
Urdu	dep	0.572804725595
Urdu	det	1.23096934166e-10
Urdu	nmod	0.237227502726
Urdu	amod	0.0430226336312
Urdu	iobj	0.0546588236731
Portuguese	flat	2.49584188092e-11
Portuguese	cc	0.127044963793
Portuguese	orphan	3.05237001288e-08
Portuguese	reparandum	1.94206803734e-07
Portuguese	ccomp	0.585287877858
Portuguese	csubj	0.516960401073
Portuguese	conj	0.00691329797018
Portuguese	acl	0.136164901891
Portuguese	vocative	0.65548177404
Portuguese	mark	0.0211307724141
Portuguese	discourse	0.666278442498
Portuguese	advcl	0.55771112397
Portuguese	dislocated	0.376770163081
Portuguese	aux	0.0200976190447
Portuguese	parataxis	0.472796107312
Portuguese	xcomp	0.0627724796157
Portuguese	nsubj	0.342298543498
Portuguese	nummod	0.331790582594
Portuguese	advmod	0.556335398958
Portuguese	punct	0.663915150442
Portuguese	compound	0.235457589819
Portuguese	case	0.0510258697648
Portuguese	cop	0.2619932807
Portuguese	obl	0.520425269794
Portuguese	obj	0.305939723019
Portuguese	dep	0.671513634611
Portuguese	appos	0.00902083979371
Portuguese	det	0.0410022674697
Portuguese	nmod	0.243859558491
Portuguese	amod	0.621738180586
Portuguese	iobj	0.630370815013
Portuguese	expl	0.65131686571
Portuguese	fixed	0.313142080458
English	flat	0.00587373533535
English	cc	0.0189072142322
English	list	0.0245862649693
English	orphan	0.450561209164
English	reparandum	0.458144179357
English	ccomp	0.180267746645
English	csubj	0.667616660345
English	conj	0.0162496920104
English	acl	0.150148224412
English	vocative	0.682441073795
English	mark	0.00555128519166
English	discourse	0.526225805536
English	advcl	0.562964824645
English	dislocated	0.68989182556
English	aux	0.0358709502405
English	parataxis	0.187681039489
English	xcomp	0.0871424698275
English	nsubj	0.168113833116
English	nummod	0.617327077869
English	advmod	0.578662380572
English	punct	0.56719376833
English	compound	0.356435436714
English	goeswith	0.626782536924
English	case	0.189384353421
English	cop	0.186603209113
English	obl	0.393520776492
English	obj	0.171115592994
English	dep	0.474139313928
English	appos	0.106012482166
English	det	0.013383658397
English	nmod	0.655261501845
English	amod	0.217552546199
English	iobj	0.0458367412943
English	expl	0.302379481284
English	fixed	2.34272312196e-10
Italian	flat	0.00158162017895
Italian	cc	0.0245765451433
Italian	list	2.31394701619e-09
Italian	orphan	0.543787229305
Italian	reparandum	1.9420680218e-07
Italian	ccomp	0.0694460737406
Italian	csubj	0.517598374112
Italian	conj	0.00337435323298
Italian	acl	0.0715130312387
Italian	vocative	0.525006385696
Italian	mark	3.31313384531e-11
Italian	discourse	0.67045416411
Italian	advcl	0.590798297322
Italian	dislocated	0.537544412568
Italian	aux	0.0153996264563
Italian	parataxis	0.430051038243
Italian	xcomp	0.0521860660811
Italian	nsubj	0.535488818404
Italian	nummod	0.657124233392
Italian	advmod	0.513812137104
Italian	punct	0.501352741533
Italian	compound	2.55662046702e-10
Italian	goeswith	0.184907400426
Italian	case	0.00524228684627
Italian	cop	0.40777517629
Italian	obl	0.546338225707
Italian	obj	0.386505973234
Italian	dep	0.450747567576
Italian	appos	2.21631017008e-10
Italian	det	0.0141346512448
Italian	nmod	0.114800456072
Italian	amod	0.628546495811
Italian	iobj	0.55249137003
Italian	expl	0.454224708879
Italian	fixed	0.00679600279898
Russian	flat	0.0519986022513
Russian	cc	0.0247356935115
Russian	list	8.14045694239e-10
Russian	orphan	0.68481242076
Russian	ccomp	0.0969136789366
Russian	csubj	0.438118874911
Russian	conj	0.00671767720191
Russian	acl	0.433165551316
Russian	vocative	0.623654849718
Russian	mark	0.0646090374319
Russian	discourse	0.612184990887
Russian	advcl	0.675414508222
Russian	aux	0.457106776363
Russian	parataxis	0.680840168182
Russian	xcomp	0.187416660011
Russian	nsubj	0.567963853177
Russian	nummod	0.480761960054
Russian	advmod	0.398687839535
Russian	punct	0.347710906961
Russian	compound	0.455782562129
Russian	goeswith	0.00435033635269
Russian	case	0.0139111948215
Russian	cop	0.578716185304
Russian	obl	0.675097722847
Russian	obj	0.495076713123
Russian	dep	0.67301166709
Russian	appos	0.0512912179701
Russian	det	0.21204556895
Russian	nmod	0.217230914807
Russian	amod	0.115431910676
Russian	iobj	0.668648125497
Russian	expl	4.75765327992e-09
Russian	fixed	0.00215008035897
Korean	cc	0.0505784841603
Korean	ccomp	0.00552314217146
Korean	csubj	0.0129444038487
Korean	conj	1.30973117744e-11
Korean	acl	0.00418518120452
Korean	vocative	0.410116319203
Korean	mark	0.621276503863
Korean	case	0.0375344779965
Korean	discourse	0.680999143276
Korean	advcl	0.0218423895518
Korean	dislocated	0.00153034359959
Korean	aux	0.00396908975879
Korean	flat	2.55440200371e-11
Korean	nsubj	0.0264645433206
Korean	nummod	0.149262549941
Korean	advmod	0.0747258121363
Korean	punct	0.265234256097
Korean	compound	0.000919675939727
Korean	xcomp	7.14399099742e-11
Korean	cop	0.0473264955701
Korean	obl	0.01147204625
Korean	obj	0.0333361975186
Korean	dep	0.280988134042
Korean	appos	0.493370876412
Korean	det	0.0349703596423
Korean	nmod	0.021127917075
Korean	amod	0.0146252239028
Korean	iobj	0.00778497440686
Korean	fixed	9.06370586821e-11
